player,team,matches,minutes_played,goals,assists,shots,passes_total,passes_complete,pass_accuracy_pct,tackles_total,tackles_won,dribbles,interceptions,fouls_committed
Lionel Andrés Messi Cuccittini,Barcelona,35,3023,30,10,195,2417,1989,82.3,33,9,229,7,22
Antoine Griezmann,Barcelona,33,2360,12,8,64,1214,1073,88.4,54,8,31,11,15
Ousmane Dembélé,Barcelona,27,1565,5,3,47,907,756,83.4,27,2,107,14,13
Anssumane Fati,Barcelona,7,431,4,0,14,205,174,84.9,12,1,25,1,5
Pedro González López,Barcelona,35,2240,3,3,22,1644,1437,87.4,55,14,41,35,23
Jordi Alba Ramos,Barcelona,33,2890,3,3,24,2815,2409,85.6,60,6,35,39,22
Francisco António Machado Mota de Castro Trincão,Barcelona,25,619,3,2,20,347,288,83.0,16,1,31,4,10
Martin Braithwaite Christensen,Barcelona,26,951,2,2,22,237,190,80.2,20,3,16,7,11
Óscar Mingueza García,Barcelona,24,1677,2,2,9,1482,1370,92.4,72,12,9,23,23
Ronald Federico Araújo da Silva,Barcelona,21,1239,2,0,10,775,718,92.6,34,13,4,9,9
Luis Jesús Rioja González,Deportivo Alavés,2,116,2,0,2,23,15,65.2,4,1,8,1,0
Philippe Coutinho Correia,Barcelona,11,629,2,2,27,506,440,87.0,16,3,17,4,9
Sergino Dest,Barcelona,28,1775,2,1,14,1211,1089,89.9,32,11,56,13,17
Frenkie de Jong,Barcelona,34,2900,2,3,15,2583,2370,91.8,60,9,59,31,27
Santiago Mina Lorenzo,Celta Vigo,2,121,2,0,2,36,29,80.6,6,1,0,0,4
Iñaki Williams Arthuer,Athletic Club,2,173,1,0,3,37,25,67.6,2,0,1,1,3
Arnaldo Antonio Sanabria Ayala,Real Betis,1,70,1,0,2,14,10,71.4,4,0,0,0,0
Darwin Daniel Machís Marcano,Granada,2,138,1,0,3,34,26,76.5,6,0,3,2,2
Maximiliano Gómez González,Valencia,2,180,1,0,2,28,20,71.4,9,1,1,0,4
Carlos Soler Barragán,Valencia,2,180,1,2,2,70,55,78.6,4,1,0,3,2
Gabriel Armando de Abreu,Valencia,2,180,1,0,2,69,59,85.5,2,0,0,6,1
Mouctar Diakhaby,Valencia,2,117,1,0,1,22,21,95.5,1,1,0,1,2
Jorge Molina Vidal,Granada,1,30,1,0,1,6,4,66.7,1,0,2,0,1
Willian José da Silva,Real Sociedad,1,90,1,0,4,35,30,85.7,4,1,0,1,0
Ander Barrenetxea Muguruza,Real Sociedad,2,65,1,0,1,24,20,83.3,2,1,5,0,3
Alejandro Fernández Iglesias,Cádiz,2,123,1,0,1,50,33,66.0,3,1,1,2,0
Iker Muniain Goñi,Athletic Club,2,180,1,0,2,96,83,86.5,4,0,3,2,2
Álvaro Negredo Sánchez,Cádiz,2,87,1,0,2,17,12,70.6,10,0,1,1,1
Álvaro Giménez Candela,Cádiz,1,61,1,0,1,13,6,46.2,5,0,0,1,1
Yannick Ferreira Carrasco,Atlético Madrid,2,180,1,0,6,72,52,72.2,5,1,18,5,10
Enes Ünal,Getafe,2,48,1,0,1,15,12,80.0,6,0,1,0,3
Luuk de Jong,Sevilla,2,145,1,0,1,48,41,85.4,7,0,1,0,3
Rafael Mir Vicente,Huesca,2,180,1,0,6,31,24,77.4,5,0,2,0,6
Jaime Mata Arnaiz,Getafe,1,70,1,0,2,19,13,68.4,4,0,1,0,3
Luka Modrić,Real Madrid,2,112,1,0,2,60,50,83.3,3,0,4,1,3
Toni Kroos,Real Madrid,2,161,1,0,5,113,98,86.7,8,0,4,1,4
Federico Santiago Valverde Dipetta,Real Madrid,2,128,1,0,3,60,44,73.3,7,3,3,3,3
Gonzalo Julián Melero Manzanares,Levante UD,2,171,1,0,2,67,59,88.1,5,0,2,5,2
Sergio León Limones,Levante UD,2,25,1,0,2,7,5,71.4,2,0,1,0,0
Samuel Chimerenka Chukwueze,Villarreal,2,161,1,0,1,57,41,71.9,3,0,12,1,2
José Luis Morales Nogales,Levante UD,2,113,1,0,5,44,25,56.8,3,0,4,3,1
Sergio Ramos García,Real Madrid,1,90,1,0,4,58,55,94.8,2,0,0,1,2
Víctor Ruíz Torre,Real Betis,2,119,1,0,2,64,51,79.7,2,0,0,2,3
Borja Iglesias Quintas,Real Betis,1,81,1,0,2,26,19,73.1,4,0,4,1,1
Lorenzo Jesús Morón García,Real Betis,2,29,1,0,3,5,5,100.0,3,0,0,0,3
Moriba Kourouma Kourouma,Barcelona,13,489,1,2,13,338,311,92.0,20,3,13,8,15
Karim Benzema,Real Madrid,2,161,1,1,6,65,61,93.8,6,0,0,1,0
Héctor Junior Firpo Adames,Barcelona,5,154,1,0,1,123,119,96.7,2,0,3,1,4
Sergi Roberto Carnicer,Barcelona,15,946,1,2,5,887,800,90.2,22,4,9,8,6
Clément Lenglet,Barcelona,32,2451,1,0,10,2215,2061,93.0,81,11,15,34,48
José Ignacio Peleteiro Ramallo,Deportivo Alavés,1,90,0,0,0,20,13,65.0,2,0,1,0,2
Álvaro Juan Cruz Armada,Osasuna,1,68,0,0,0,24,19,79.2,1,1,0,0,0
Adrián Marín Gómez,Deportivo Alavés,2,34,0,1,0,3,2,66.7,0,0,0,1,2
Omenuke Mfulu,Elche,1,80,0,0,0,35,30,85.7,5,1,0,3,1
Emiliano Ariel Rigoni,Elche,1,59,0,0,0,23,16,69.6,2,0,2,0,1
Rodrigo Andrés Battaglia,Deportivo Alavés,2,180,0,0,1,57,49,86.0,8,4,1,2,2
Claudio Andrés Bravo Muñoz,Real Betis,1,90,0,0,0,38,27,71.1,0,0,0,0,0
Sergio Busquets i Burgos,Barcelona,33,2326,0,5,2,2534,2325,91.8,102,11,15,35,46
Gerard Piqué Bernabéu,Barcelona,19,1570,0,0,8,1247,1173,94.1,42,7,1,15,13
Deyverson Brum Silva Acosta,Deportivo Alavés,2,66,0,0,0,21,12,57.1,6,0,0,1,2
Manuel Alejandro García Sánchez,Deportivo Alavés,1,19,0,0,0,4,2,50.0,3,0,0,2,1
Johan Andrés Mojica Palacio,Elche,1,90,0,0,0,46,41,89.1,2,1,4,3,0
Lucas Ariel Boyé,Elche,1,71,0,0,2,21,13,61.9,8,0,0,0,1
Kenan Kodro,Real Valladolid,1,84,0,0,1,21,18,85.7,0,0,4,2,2
Saidy Janko,Real Valladolid,1,64,0,0,0,29,21,72.4,1,0,0,3,0
Bruno González Cabrera,Real Valladolid,1,90,0,0,0,15,12,80.0,5,0,0,2,2
Waldo Rubio Martín,Real Valladolid,1,6,0,0,0,1,1,100.0,1,0,0,0,0
Alejandro Darío Gómez,Sevilla,1,45,0,0,0,14,10,71.4,1,0,0,2,0
Sergio Escudero Palomo,Sevilla,1,90,0,0,1,50,38,76.0,2,1,1,1,2
Karim Rekik,Sevilla,1,45,0,0,0,25,23,92.0,0,0,0,1,2
Óscar Rodríguez Arnaiz,Sevilla,1,28,0,0,0,18,14,77.8,2,0,2,1,1
Yeray Álvarez López,Athletic Club,1,90,0,0,1,55,45,81.8,2,0,0,2,0
Íñigo Lekue Martínez,Athletic Club,1,7,0,0,0,7,7,100.0,0,0,1,0,1
Asier Villalibre Molina,Athletic Club,1,7,0,0,0,1,1,100.0,1,0,0,0,0
Raúl Rodríguez Navas,Osasuna,1,90,0,0,0,29,26,89.7,3,0,0,3,1
Carlos Neva Tey,Granada,1,45,0,0,0,13,11,84.6,0,0,0,0,0
Luis Milla Manzanares,Granada,1,45,0,0,0,21,19,90.5,1,1,0,0,1
Edgar Antonio Méndez Ortega,Deportivo Alavés,2,146,0,0,1,30,20,66.7,1,0,1,1,2
Florian Grégoire Claude Lejeune,Deportivo Alavés,2,180,0,0,1,43,30,69.8,5,0,0,2,6
Enrique Barja Afonso,Osasuna,2,78,0,0,3,27,15,55.6,5,1,5,1,0
Aridane Hernández Umpiérrez,Osasuna,1,90,0,0,0,37,33,89.2,2,0,0,2,0
Roberto Torres Morales,Osasuna,2,110,0,0,2,53,37,69.8,0,0,2,2,0
Jonathan Calleri,Osasuna,1,70,0,0,5,13,9,69.2,6,1,1,0,3
Jon Moncayola Tollar,Osasuna,2,180,0,0,1,73,64,87.7,1,0,1,0,5
Rubén García Santos,Osasuna,2,143,0,0,2,63,43,68.3,6,0,0,2,2
Manuel Sánchez De La Peña,Osasuna,1,90,0,0,0,43,39,90.7,4,0,0,2,1
David García Zubiría,Osasuna,1,90,0,0,1,51,41,80.4,2,0,0,1,0
Ignacio Vidal Miralles,Osasuna,2,180,0,0,0,70,56,80.0,6,1,4,3,1
Sergio Herrera Pirón,Osasuna,2,180,0,0,0,66,48,72.7,0,0,0,0,0
Brais Méndez Portela,Celta Vigo,1,90,0,0,0,45,39,86.7,5,2,2,4,4
Carlos Domínguez Cáceres,Celta Vigo,1,90,0,0,0,35,26,74.3,1,0,0,4,3
Kevin Vázquez Comesaña,Celta Vigo,1,90,0,0,0,55,41,74.5,3,0,0,2,1
Augusto Jorge Mateo Solari,Celta Vigo,1,22,0,0,1,13,7,53.8,3,1,0,0,1
Miguel Baeza Pérez,Celta Vigo,2,58,0,0,2,16,14,87.5,2,0,1,0,3
Hugo Sotelo,Celta Vigo,1,0,0,0,0,0,0,0.0,0,0,0,0,0
Jesús Vallejo Lázaro,Granada,1,45,0,0,0,14,10,71.4,0,0,1,0,3
Robert Kenedy Nunes do Nascimento,Granada,1,27,0,0,1,3,1,33.3,1,0,2,0,1
Alberto Soro Álvarez,Granada,1,24,0,0,0,9,7,77.8,0,0,0,0,1
Ricard Puig Martí,Barcelona,11,250,0,0,3,305,279,91.5,8,1,7,2,2
Iago Aspas Juncal,Celta Vigo,2,167,0,1,1,68,55,80.9,5,0,3,1,3
Denis Suárez Fernández,Celta Vigo,2,180,0,0,1,103,79,76.7,6,1,7,1,4
Aarón Martín Caricol,Celta Vigo,1,90,0,0,0,28,24,85.7,4,1,1,0,2
Francisco José Beltrán Peinado,Celta Vigo,2,108,0,0,0,74,69,93.2,3,0,0,2,2
Vinícius José Paixão de Oliveira Júnior,Real Madrid,2,161,0,0,2,71,53,74.6,8,1,9,1,3
Carlos Henrique Casimiro,Real Madrid,2,180,0,0,1,91,75,82.4,9,1,1,5,7
José Ignacio Fernández Iglesias,Real Madrid,2,132,0,0,0,53,44,83.0,2,1,4,2,4
Juan Miguel Jiménez López,Real Betis,1,74,0,0,2,19,13,68.4,3,0,0,0,2
Rodrigo Sánchez Rodriguez,Real Betis,2,31,0,0,0,20,19,95.0,0,0,1,0,0
Cristian Tello Herrera,Real Betis,2,77,0,0,3,32,27,84.4,2,0,2,0,0
Guido Rodríguez,Real Betis,2,106,0,0,0,45,37,82.2,2,0,2,0,1
Sergio Canales Madrazo,Real Betis,2,94,0,0,1,57,42,73.7,1,0,2,0,0
Jorge De Frutos Sebastián,Levante UD,2,171,0,0,2,53,34,64.2,4,2,7,2,2
Aitor Fernández Abarisketa,Levante UD,2,180,0,0,0,64,52,81.2,1,0,0,0,0
Daniel Gómez Alcón,Levante UD,2,120,0,0,3,34,25,73.5,5,1,5,0,4
Lucas Torró Marset,Osasuna,1,83,0,0,0,36,33,91.7,1,0,0,0,0
Jonathan Rodríguez Menéndez,Osasuna,2,51,0,0,0,31,20,64.5,0,0,1,0,0
Adrián López Álvarez,Osasuna,1,20,0,0,1,14,11,78.6,1,1,1,0,0
Ante Budimir,Osasuna,2,93,0,0,3,29,22,75.9,4,2,0,0,0
Enric Gallego Puigsech,Osasuna,2,24,0,0,0,7,4,57.1,1,0,0,0,0
Oier Sanjurjo Mate,Osasuna,2,70,0,0,0,26,18,69.2,5,1,0,1,3
Éder Gabriel Militão,Real Madrid,1,90,0,0,1,22,18,81.8,3,1,1,2,1
Lucas Vázquez Iglesias,Real Madrid,2,90,0,1,1,54,45,83.3,6,0,4,1,2
Thibaut Courtois,Real Madrid,2,180,0,0,0,58,43,74.1,0,0,0,0,0
Alejandro Moreno Lopera,Real Betis,2,180,0,1,2,90,72,80.0,7,2,4,1,4
Joel Robles Blázquez,Real Betis,1,90,0,0,0,32,22,68.8,0,0,0,0,0
Emerson Aparecido Leite de Souza Junior,Real Betis,2,180,0,1,0,89,72,80.9,9,2,4,0,2
Luis Javier Suárez Charris,Granada,2,130,0,0,2,15,11,73.3,5,0,2,0,3
Gerard Moreno Balaguero,Villarreal,2,173,0,0,6,67,49,73.1,6,0,4,1,4
Pervis Josué Estupiñán Tenorio,Villarreal,2,121,0,0,1,72,51,70.8,6,0,1,2,3
Moisés Gómez Bordonado,Villarreal,2,104,0,0,0,56,46,82.1,3,0,0,0,1
Daniel Parejo Muñoz,Villarreal,2,180,0,0,0,159,140,88.1,4,2,3,1,2
Mario Gaspar Pérez Martínez,Villarreal,2,92,0,0,2,52,41,78.8,1,1,1,2,2
Ferland Mendy,Real Madrid,2,180,0,0,0,81,67,82.7,5,0,1,1,1
Álvaro Odriozola Arzallus,Real Madrid,1,48,0,0,0,21,14,66.7,2,0,1,0,0
Marco Asensio Willemsen,Real Madrid,2,111,0,0,0,43,34,79.1,2,1,1,3,0
Mariano Díaz Mejía,Real Madrid,1,19,0,0,0,5,1,20.0,1,0,0,0,1
Francisco Román Alarcón Suárez,Real Madrid,1,19,0,0,2,4,3,75.0,0,0,2,2,2
Marcelo Vieira da Silva Júnior,Real Madrid,1,19,0,0,1,6,4,66.7,1,0,0,0,0
Roger Martí Salvador,Levante UD,2,140,0,1,1,38,27,71.1,2,0,2,2,3
Nikola Vukčević,Levante UD,1,67,0,0,0,21,20,95.2,0,0,0,1,3
Jorge Andújar Moreno,Levante UD,2,82,0,0,3,35,30,85.7,6,0,2,3,2
Sergio Postigo Redondo,Levante UD,1,90,0,0,0,45,38,84.4,1,0,0,3,1
Rúben Miguel Nunes Vezo,Levante UD,2,180,0,0,0,90,78,86.7,2,0,0,4,2
Joseph Aidoo,Celta Vigo,1,45,0,0,0,24,19,79.2,1,0,1,3,2
Renato Fabrizio Tapia Cortijo,Celta Vigo,1,74,0,0,0,29,26,89.7,2,1,0,1,3
Emre Mor,Celta Vigo,1,59,0,0,0,14,12,85.7,3,0,3,0,2
José Manuel Fontán Mondragón,Celta Vigo,1,31,0,0,1,18,13,72.2,1,0,0,0,0
Jeison Fabián Murillo Cerón,Celta Vigo,1,90,0,0,0,42,36,85.7,3,0,1,2,4
Gabriel Veiga Novas,Celta Vigo,1,59,0,0,0,13,11,84.6,0,0,1,0,2
Hugo Mallo Novegil,Celta Vigo,1,90,0,0,0,66,48,72.7,2,0,1,1,0
Lucas René Olaza Catrofe,Celta Vigo,2,180,0,0,2,71,47,66.2,2,0,4,3,2
Mickaël Malsa,Levante UD,2,120,0,0,1,65,57,87.7,6,1,1,7,3
Carlos Clerc Martínez,Levante UD,1,90,0,0,0,35,29,82.9,4,1,1,2,2
Jorge Miramón Santagertrudis,Levante UD,2,98,0,1,0,61,49,80.3,4,0,1,2,0
Nemanja Radoja,Levante UD,1,23,0,0,0,9,9,100.0,0,0,0,0,0
Francisco Javier Hidalgo Gómez,Levante UD,1,9,0,0,1,12,7,58.3,0,0,1,1,1
Francisco Alcácer García,Villarreal,2,104,0,0,0,25,18,72.0,3,0,0,0,1
Francis Joseph Coquelin,Villarreal,2,76,0,0,1,47,39,83.0,0,0,1,0,2
Pau Francisco Torres,Villarreal,2,180,0,1,0,108,100,92.6,2,1,3,1,2
Mikel Rico Moreno,Huesca,2,154,0,0,0,74,67,90.5,2,0,3,2,1
Jorge Pulido Mayoral,Huesca,2,161,0,0,0,66,51,77.3,5,0,0,2,1
Álvaro Fernández Llorente,Huesca,2,180,0,0,0,57,43,75.4,0,0,0,0,0
Dimitrios Siovas,Huesca,2,180,0,0,0,61,54,88.5,0,0,0,5,1
Pedro Mosquera Parada,Huesca,1,90,0,0,0,49,43,87.8,2,0,0,0,0
Pablo Ínsua Blanco,Huesca,2,167,0,0,1,51,47,92.2,5,1,0,4,5
Idrissa Doumbia,Huesca,2,85,0,0,0,41,38,92.7,2,0,1,2,1
Juan Carlos Real Ruiz,Huesca,1,19,0,0,1,5,4,80.0,2,0,0,0,1
David Ferreiro Quiroga,Huesca,2,96,0,0,1,40,34,85.0,0,0,6,0,3
Sergio Asenjo Andrés,Villarreal,2,180,0,0,0,66,52,78.8,0,0,0,0,0
Raúl Albiol i Tortajada,Villarreal,2,171,0,0,0,104,95,91.3,2,0,1,2,0
Manuel Trigueros Muñoz,Villarreal,2,135,0,0,1,62,51,82.3,2,0,4,1,3
Vicente Iborra De La Fuente,Villarreal,1,45,0,0,1,35,33,94.3,1,0,0,0,1
Takefusa Kubo,Villarreal,2,107,0,0,2,32,25,78.1,4,2,5,3,4
Carlos Arturo Bacca Ahumada,Villarreal,1,7,0,0,0,3,2,66.7,0,0,0,0,1
José Ramiro Funes Mori,Villarreal,1,7,0,0,0,5,5,100.0,0,0,0,0,0
Fernando Francisco Reges,Sevilla,2,180,0,0,0,97,88,90.7,7,1,2,2,5
Jules Koundé,Sevilla,2,180,0,0,2,136,126,92.6,4,0,1,2,1
Jesús Joaquín Fernández Sáez de la Torre,Sevilla,2,106,0,0,1,67,55,82.1,0,0,4,1,1
Jesús Navas González,Sevilla,2,180,0,0,2,112,83,74.1,1,0,2,2,2
Joan Jordán Moreno,Sevilla,2,173,0,0,2,135,125,92.6,3,0,3,2,9
Yassine Bounou,Sevilla,2,180,0,0,0,77,63,81.8,0,0,1,0,0
Youssef En-Nesyri,Sevilla,2,74,0,0,1,17,13,76.5,2,0,1,0,2
Munir El Haddadi Mohamed,Sevilla,2,74,0,0,0,25,19,76.0,3,2,0,0,1
Nemanja Gudelj,Sevilla,1,13,0,0,0,12,12,100.0,1,0,0,0,1
Carlos Fernández Luna,Sevilla,2,26,0,1,1,9,7,77.8,1,0,0,0,4
Raphaël Varane,Real Madrid,1,90,0,0,2,59,54,91.5,0,0,0,2,1
Rodrygo Silva de Goes,Real Madrid,1,9,0,1,0,8,7,87.5,0,0,0,1,0
Sergio Gómez Martín,Huesca,2,102,0,0,0,42,31,73.8,2,1,2,5,0
Javier Ontiveros Parra,Huesca,2,103,0,0,1,58,49,84.5,6,0,6,1,2
Javier Galán Gil,Huesca,2,180,0,0,0,109,86,78.9,6,4,6,1,1
Jaime Seoane Valenciano,Huesca,2,102,0,0,0,35,24,68.6,6,0,4,0,5
Damián Nicolás Suárez Suárez,Getafe,2,180,0,0,0,70,39,55.7,7,1,4,7,6
Mathías Olivera Miramontes,Getafe,1,90,0,0,1,22,15,68.2,4,0,1,0,0
Djené Dakonam Ortega,Getafe,2,180,0,0,0,34,28,82.4,3,0,1,1,0
Mauro Wilney Arambarri Rosa,Getafe,2,135,0,0,0,32,21,65.6,5,2,2,5,6
Erick Cathriel Cabaco Almada,Getafe,1,90,0,0,0,12,8,66.7,3,0,0,0,2
Marc Cucurella Saseta,Getafe,2,135,0,0,2,45,32,71.1,4,0,0,4,2
David Soria Solís,Getafe,2,180,0,0,0,51,18,35.3,0,0,0,0,0
Nemanja Maksimović,Getafe,2,139,0,0,1,26,19,73.1,3,0,0,0,0
David Timor Copoví,Getafe,1,2,0,0,1,2,0,0.0,1,0,0,0,0
Víctor Mollejo Carpintero,Getafe,1,0,0,0,0,0,0,0.0,0,0,0,0,0
Ángel Martín Correa,Atlético Madrid,2,155,0,1,2,54,42,77.8,9,1,4,1,4
Shinji Okazaki,Huesca,1,19,0,0,1,1,1,100.0,1,0,0,0,0
Diego Carlos Santos Silva,Sevilla,2,135,0,0,0,94,82,87.2,1,0,0,4,4
Marcos Javier Acuña,Sevilla,1,90,0,0,0,51,45,88.2,2,0,0,0,2
Ivan Rakitić,Sevilla,2,139,0,0,1,65,52,80.0,3,0,1,0,4
Lucas Ariel Ocampos,Sevilla,1,61,0,0,2,15,11,73.3,1,0,2,0,1
Yan Brice Eteki,Granada,2,150,0,0,1,39,35,89.7,1,0,1,2,7
Rui Tiago Dantas da Silva,Granada,1,90,0,0,0,24,13,54.2,0,0,0,0,0
Germán Sánchez Barahona,Granada,2,180,0,0,0,56,43,76.8,4,0,1,3,2
Yangel Clemente Herrera Ravelo,Granada,2,156,0,0,1,47,37,78.7,12,2,0,2,8
Dimitri Foulquier,Granada,2,180,0,0,0,47,36,76.6,4,1,6,4,2
Marc-André ter Stegen,Barcelona,29,2610,0,0,1,968,859,88.7,0,0,1,0,1
Roberto Soldado Rillo,Granada,2,105,0,0,1,26,18,69.2,3,0,2,2,4
José Antonio Rodríguez Díaz,Granada,1,90,0,0,3,26,16,61.5,2,0,2,0,1
Ángel Montoro Sánchez,Granada,1,45,0,0,0,23,20,87.0,0,0,0,0,1
Domingos Sousa Coutinho Meneses Duarte,Granada,1,90,0,0,0,39,34,87.2,0,0,0,3,1
Felipe Augusto de Almeida Monteiro,Atlético Madrid,2,90,0,0,1,29,27,93.1,2,1,0,2,1
Yunus Dimoara Musah,Valencia,1,42,0,0,0,14,10,71.4,1,0,0,0,0
Denis Cheryshev,Valencia,1,89,0,0,2,20,14,70.0,6,0,0,2,0
Óliver Torres Muñoz,Sevilla,2,35,0,0,0,27,22,81.5,1,0,0,1,3
Juan Camilo Hernández Suárez,Getafe,1,88,0,0,2,19,15,78.9,6,1,2,1,1
Allan Romeo Nyom,Getafe,1,90,0,0,0,21,8,38.1,6,1,0,0,8
Marcos Llorente Moreno,Atlético Madrid,2,162,0,0,2,72,59,81.9,7,0,3,2,5
João Félix Sequeira,Atlético Madrid,2,107,0,0,1,58,54,93.1,5,2,5,2,2
Saúl Ñíguez Esclapez,Atlético Madrid,2,144,0,0,4,83,73,88.0,3,1,1,3,5
Kieran Trippier,Atlético Madrid,2,180,0,0,0,130,106,81.5,4,0,2,4,3
Jorge Resurrección Merodio,Atlético Madrid,2,180,0,0,0,141,124,87.9,7,3,2,7,8
Mario Hermoso Canseco,Atlético Madrid,2,180,0,0,0,123,104,84.6,9,2,2,3,2
José María Giménez de Vargas,Atlético Madrid,1,90,0,0,0,35,32,91.4,1,0,0,1,1
Jan Oblak,Atlético Madrid,2,180,0,0,0,50,30,60.0,0,0,0,0,0
Stefan Savić,Atlético Madrid,2,180,0,0,0,102,89,87.3,6,2,0,9,2
Diego da Silva Costa,Atlético Madrid,1,18,0,0,0,20,15,75.0,0,0,0,0,0
Geoffrey Kondogbia,Atlético Madrid,2,25,0,0,0,13,12,92.3,2,1,0,0,2
Thomas Lemar,Atlético Madrid,2,19,0,0,1,12,10,83.3,1,1,1,0,0
Manuel Agudo Durán,Celta Vigo,2,99,0,0,4,41,32,78.0,4,1,4,1,4
Néstor Alejandro Araújo Razo,Celta Vigo,2,149,0,0,1,74,70,94.6,4,0,0,2,2
Iván Villar Martínez,Celta Vigo,2,180,0,0,0,66,49,74.2,0,0,0,0,0
Samuel Yves Umtiti,Barcelona,11,512,0,0,2,449,428,95.3,14,0,1,10,11
Antonio Latorre Grueso,Valencia,1,63,0,0,0,31,24,77.4,1,0,0,2,1
Kevin Gameiro,Valencia,1,12,0,0,1,7,6,85.7,0,0,0,0,0
Christian Gabriel Oliva Giménez,Valencia,1,12,0,1,1,9,7,77.8,1,0,0,0,0
Daniel Escriche Romero,Huesca,1,59,0,0,0,23,17,73.9,5,1,4,1,1
Uroš Račić,Valencia,2,168,0,0,3,52,41,78.8,4,1,1,1,7
Daniel Wass,Valencia,2,180,0,0,0,88,69,78.4,6,0,0,1,4
Gonçalo Manuel Ganchinho Guedes,Valencia,2,176,0,0,3,69,50,72.5,5,0,7,1,3
Jaume Doménech Sánchez,Valencia,1,90,0,0,0,29,16,55.2,0,0,0,0,0
José Luis Gayà Peña,Valencia,2,180,0,0,2,58,43,74.1,4,1,0,3,3
Alejandro Blanco Sánchez,Valencia,1,48,0,0,0,11,6,54.5,2,0,1,1,1
Manuel Javier Vallejo Galván,Valencia,1,4,0,0,0,2,1,50.0,1,1,0,0,0
Kang-In Lee,Valencia,1,1,0,0,0,0,0,0.0,0,0,0,0,0
Víctor David Díaz Miguel,Granada,1,90,0,0,0,24,18,75.0,3,0,0,2,0
Nehuén Pérez,Granada,1,90,0,0,0,12,9,75.0,0,0,0,2,2
Joaquín José Marín Ruiz,Granada,1,90,0,0,0,20,10,50.0,1,0,0,2,1
Aarón Escandell Banacloche,Granada,1,90,0,0,0,28,10,35.7,0,0,0,0,0
Alexander Isak,Real Sociedad,2,109,0,0,4,35,26,74.3,3,0,7,1,1
Mikel Oyarzabal Ugarte,Real Sociedad,1,90,0,0,1,28,21,75.0,1,0,5,3,0
Robin Aime Robert Le Normand,Real Sociedad,2,174,0,0,0,86,71,82.6,5,0,2,2,4
Alejandro Remiro Gargallo,Real Sociedad,2,180,0,0,0,68,49,72.1,0,0,0,0,0
Mikel Merino Zazón,Real Sociedad,2,180,0,0,2,94,77,81.9,14,1,4,5,3
Maxime Gonalons,Granada,1,30,0,0,0,3,3,100.0,2,0,0,1,1
Federico Vico Villegas,Granada,1,5,0,0,0,1,0,0.0,0,0,0,1,0
Luis Alberto Suárez Díaz,Atlético Madrid,1,90,0,0,3,21,17,81.0,2,1,2,0,1
Roberto Suárez Pier,Levante UD,1,90,0,0,1,44,38,86.4,1,0,0,3,2
Óscar Esau Duarte Gaitán,Levante UD,1,60,0,0,0,34,28,82.4,1,0,0,0,1
Enis Bardhi,Levante UD,1,60,0,0,1,32,30,93.8,1,0,3,1,2
Antonio García Aranda,Levante UD,1,90,0,0,0,34,30,88.2,0,0,2,2,1
Giorgi Kochorashvili,Levante UD,1,1,0,0,0,2,2,100.0,0,0,0,0,0
Thierry Rendall Correia,Valencia,1,90,0,0,1,37,24,64.9,5,1,1,3,2
Jasper Cillessen,Valencia,1,90,0,0,0,31,21,67.7,0,0,0,0,0
Hugo Guillamón Sanmartín,Valencia,1,78,0,0,0,43,41,95.3,2,0,0,0,1
Ignacio Monreal Eraso,Real Sociedad,1,90,0,0,1,31,24,77.4,2,0,2,0,2
Robert Navarro Muñoz,Real Sociedad,1,35,0,0,0,22,17,77.3,2,2,2,0,1
Marcos André de Sousa Mendonça,Real Valladolid,2,59,0,0,2,6,4,66.7,6,0,1,0,0
Shon Zalman Weissman,Real Valladolid,1,90,0,0,0,11,10,90.9,3,0,1,0,0
Rubén Alcaraz Jiménez,Real Valladolid,2,180,0,0,3,106,94,88.7,11,2,0,3,5
Pablo Maffeo Becerra,Huesca,1,77,0,0,1,38,27,71.1,0,0,3,0,0
Denis Vavro,Huesca,1,13,0,0,0,6,6,100.0,0,0,0,0,1
Pedro López Muñoz,Huesca,1,13,0,0,0,7,7,100.0,1,0,0,0,1
Juan Antonio Iglesias Sánchez,Getafe,1,90,0,0,0,17,10,58.8,3,0,3,1,2
Ángel Luis Rodríguez Díaz,Getafe,1,62,0,0,1,12,7,58.3,5,0,0,0,0
Carles Aleña Castillo,Getafe,3,93,0,0,1,52,45,86.5,1,0,1,1,4
José Manuel Rodríguez Benito,Getafe,1,75,0,0,0,8,3,37.5,4,1,1,2,1
Sofian Chakla,Getafe,1,90,0,0,1,19,11,57.9,5,2,0,3,1
Sabit Abdulai,Getafe,1,45,0,0,0,10,7,70.0,1,0,2,1,0
Amankwaa Akurugu,Getafe,1,45,0,0,0,12,8,66.7,0,0,0,0,0
José Antonio Miranda Boacho,Getafe,1,15,0,0,1,3,1,33.3,0,0,1,0,1
Laureano Antonio Villa Suárez,Real Valladolid,1,45,0,0,0,36,27,75.0,0,0,1,0,1
Roque Mesa Quevedo,Real Valladolid,2,124,0,0,4,64,56,87.5,4,0,6,3,5
Enrique Pérez Muñoz,Real Valladolid,1,34,0,0,1,24,22,91.7,0,0,1,1,1
Fabián Ariel Orellana Valenzuela,Real Valladolid,1,34,0,0,2,15,12,80.0,0,0,1,1,0
Sergio Guardiola Navarro,Real Valladolid,2,88,0,0,1,33,20,60.6,6,0,2,3,3
Jairo Izquierdo González,Cádiz,2,137,0,0,1,33,17,51.5,0,0,1,4,2
Alberto Perea Correoso,Cádiz,2,155,0,0,2,34,26,76.5,3,1,8,7,2
Ander Guevara Lajo,Real Sociedad,2,145,0,0,0,72,59,81.9,8,2,2,1,1
Martín Merquelanz Castellanos,Real Sociedad,1,90,0,0,1,32,26,81.2,3,0,1,2,0
Igor Zubeldia Elorza,Real Sociedad,2,172,0,0,0,73,65,89.0,7,1,1,0,2
Andoni Gorosabel Espinosa,Real Sociedad,2,150,0,0,0,68,53,77.9,4,1,4,3,4
Martín Zubimendi Ibáñez,Real Sociedad,2,161,0,0,1,86,75,87.2,4,0,2,5,1
Cristian Portugués Manzanera,Real Sociedad,2,123,0,1,0,32,22,68.8,2,0,1,1,1
Adnan Januzaj,Real Sociedad,2,85,0,0,4,26,21,80.8,3,0,6,0,1
Jon Bautista Orgilles,Real Sociedad,1,8,0,0,2,2,2,100.0,0,0,0,0,0
Modibo Sagnan,Real Sociedad,2,14,0,0,0,13,13,100.0,0,0,0,0,0
Yann Bodiger,Cádiz,1,90,0,0,0,11,9,81.8,4,1,1,4,0
Rafael Jiménez Jarque,Cádiz,2,180,0,0,0,18,10,55.6,3,0,1,2,1
Pedro Alcalá Guirado,Cádiz,1,60,0,0,0,4,2,50.0,3,0,0,0,1
Augusto Matías Fernández,Cádiz,1,12,0,0,0,1,1,100.0,0,0,0,0,1
Iván Alejo Peralta,Cádiz,2,39,0,0,1,8,3,37.5,1,1,0,0,0
Omobolaji Habeeb Adekanye,Cádiz,1,10,0,0,1,0,0,0.0,0,0,0,0,0
Íñigo Martínez Berridi,Athletic Club,2,180,0,0,0,106,98,92.5,8,1,0,3,2
Raúl García Escudero,Athletic Club,2,169,0,1,3,61,44,72.1,8,1,1,1,9
Miguel Alfonso Herrero Javaloyas,Real Valladolid,1,56,0,0,0,31,27,87.1,1,0,0,2,3
João Pedro Neves Filipe,Real Valladolid,1,56,0,0,1,22,18,81.8,1,1,4,0,0
Pablo Hervías Ruiz,Real Valladolid,2,116,0,0,1,73,60,82.2,0,0,2,2,0
Joaquín Fernández Moreno,Real Valladolid,1,90,0,0,0,46,37,80.4,5,0,0,0,1
Óscar Plano Pedreño,Real Valladolid,2,146,0,0,1,43,41,95.3,4,1,0,4,2
José Ignacio Martínez García,Real Valladolid,2,180,0,0,0,102,79,77.5,8,2,1,2,1
Jordi Masip López,Real Valladolid,2,180,0,0,0,66,32,48.5,0,0,0,0,0
Javier Sánchez de Felipe,Real Valladolid,2,168,0,0,1,41,33,80.5,5,1,1,7,0
Ander Capa Rodríguez,Athletic Club,2,173,0,0,0,90,73,81.1,3,1,4,3,2
Unai Simón Mendibil,Athletic Club,2,180,0,0,0,52,43,82.7,0,0,0,0,0
Óscar de Marcos Arana,Athletic Club,2,130,0,0,0,27,18,66.7,1,0,1,1,0
Mikel Balenziaga Oruesagasti,Athletic Club,1,60,0,0,0,44,32,72.7,1,0,0,1,3
Alejandro Berenguer Remiro,Athletic Club,2,50,0,1,2,28,21,75.0,1,0,2,1,0
Daniel García Carrillo,Athletic Club,2,116,0,0,0,89,78,87.6,3,0,0,1,5
Jon Morcillo Conesa,Athletic Club,1,11,0,0,0,9,6,66.7,0,0,1,0,0
Lucas Pérez Martínez,Deportivo Alavés,1,80,0,0,4,31,21,67.7,4,0,1,0,1
Alberto Rodríguez Baró,Deportivo Alavés,1,90,0,0,0,27,23,85.2,1,0,0,1,2
Iñigo Córdoba Kerejeta,Deportivo Alavés,1,45,0,0,0,16,7,43.8,3,0,3,3,3
Pere Pons Riera,Deportivo Alavés,1,19,0,0,0,13,10,76.9,0,0,0,0,0
Jens Jønsson,Cádiz,2,93,0,0,0,12,9,75.0,2,0,0,6,4
Luis Alfonso Espino García,Cádiz,2,180,0,0,0,64,37,57.8,12,4,4,7,3
Jeremías Ledesma,Cádiz,2,180,0,0,0,59,21,35.6,0,0,0,0,0
Isaac Carcelén Valencia,Cádiz,2,180,0,0,0,31,20,64.5,3,1,1,4,1
Marcos Mauro López Gutiérrez,Cádiz,2,120,0,0,0,15,11,73.3,1,0,0,2,1
Víctor Laguardia Cisneros,Deportivo Alavés,2,135,0,0,0,34,23,67.6,2,0,0,0,0
Tomás Pina Isla,Deportivo Alavés,2,142,0,0,0,31,23,74.2,6,0,1,4,3
Joaquín Navarro Jiménez,Deportivo Alavés,1,40,0,0,0,22,15,68.2,6,1,0,0,0
Fernando Pacheco Flores,Deportivo Alavés,2,180,0,0,0,52,40,76.9,1,0,0,0,0
Norberto Murara Neto,Barcelona,6,540,0,0,0,191,170,89.0,0,0,0,0,0
Martín Aguirregabiria Padilla,Deportivo Alavés,2,95,0,0,0,21,13,61.9,0,0,1,6,1
Miralem Pjanić,Barcelona,17,545,0,0,14,675,617,91.4,10,0,8,5,6
José Luis Sanmartín Mato,Deportivo Alavés,2,114,0,0,1,43,25,58.1,5,0,2,1,3
Tomas Franco Tavares,Deportivo Alavés,1,34,0,0,0,3,2,66.7,1,1,0,0,0
Facundo Sebastián Roncaglia,Osasuna,1,90,0,0,2,37,33,89.2,2,0,0,1,1
Unai García Lugea,Osasuna,1,90,0,0,0,26,21,80.8,0,0,0,0,1
Iñigo Pérez Soto,Osasuna,1,63,0,0,0,33,21,63.6,2,2,2,1,1
Yuri Berchiche Izeta,Athletic Club,2,120,0,0,3,73,61,83.6,1,0,5,2,1
Unai Vencedor Paris,Athletic Club,2,155,0,0,1,77,68,88.3,6,1,1,2,6
Unai Núñez Gestoso,Athletic Club,1,90,0,0,0,71,60,84.5,3,0,0,1,0
Mikel Vesga Arruti,Athletic Club,2,89,0,0,0,53,45,84.9,0,0,0,0,3
José Manuel Sánchez Guillén,Elche,1,90,0,0,0,43,34,79.1,2,0,0,1,0
Miguel Ángel Garrido Cifuentes,Elche,1,59,0,0,0,16,11,68.8,0,0,1,2,0
Fidel Chaves de la Torre,Elche,1,31,0,0,0,16,12,75.0,0,0,2,0,0
José Antonio Morente Oliva,Elche,1,31,0,0,0,10,8,80.0,1,0,0,1,1
Guido Marcelo Carrillo,Elche,1,19,0,0,2,3,2,66.7,1,0,2,1,0
Juan Francisco Martínez Modesto,Elche,1,19,0,0,0,10,9,90.0,0,0,0,0,0
Luis Miguel Sánchez Benítez,Elche,1,10,0,0,0,6,6,100.0,0,0,0,0,0
Etienne Capoue,Villarreal,1,76,0,0,1,41,37,90.2,0,0,1,1,1
Alberto Moreno Pérez,Villarreal,1,59,0,0,0,25,20,80.0,2,0,1,0,0
Juan Marcos Foyth,Villarreal,1,90,0,0,0,60,50,83.3,2,0,4,3,2
Yeremi Jesús Pino Santos,Villarreal,1,2,0,0,0,4,4,100.0,0,0,1,0,0
Rubén Duarte Sánchez,Deportivo Alavés,2,180,0,0,0,64,45,70.3,6,1,1,4,7
Joaquín Sánchez Rodríguez,Real Betis,1,61,0,0,0,31,27,87.1,1,1,0,0,0
Edgar Badía Guardiola,Elche,1,90,0,0,0,38,30,78.9,0,0,0,0,0
Antonio Barragán Fernández,Elche,1,90,0,0,0,46,40,87.0,3,1,0,5,1
Borja Sainz Eguskiza,Deportivo Alavés,1,10,0,0,0,3,2,66.7,0,0,0,0,0
Nabil Fekir,Real Betis,1,81,0,1,1,29,24,82.8,2,0,0,0,7
Paul Edgar Akouokou,Real Betis,1,74,0,0,0,26,22,84.6,3,1,0,2,1
Aïssa Mandi,Real Betis,2,180,0,0,0,88,82,93.2,0,0,0,2,4
Aitor Ruibal García,Real Betis,2,93,0,0,0,19,13,68.4,1,1,6,3,1
José Andrés Guardado Hernández,Real Betis,1,90,0,0,0,45,39,86.7,4,2,2,0,1
Marc Bartra Aregall,Real Betis,1,90,0,0,1,56,51,91.1,1,0,0,1,2
William Silva de Carvalho,Real Betis,1,90,0,0,1,48,45,93.8,1,0,0,0,2
Darko Brašanac,Osasuna,1,27,0,0,0,12,9,75.0,0,0,0,0,1
Rubén Sobrino Pozuelo,Cádiz,1,90,0,0,2,16,12,75.0,5,1,2,1,1
Salvador Sánchez Ponce,Cádiz,1,61,0,0,0,15,6,40.0,0,0,0,2,0
Jon Ander Garrido Moracia,Cádiz,1,57,0,0,0,6,4,66.7,6,0,0,0,1
Anthony Rubén Lozano Colón,Cádiz,1,32,0,0,0,5,2,40.0,4,0,0,0,5
José María Martín-Bejarano Serrano,Cádiz,1,33,0,0,0,7,7,100.0,1,0,0,2,1
Pere Milla Peña,Elche,1,71,0,0,1,21,18,85.7,3,0,0,2,1
José Raúl Gutiérrez Parejo,Elche,1,90,0,0,1,43,39,90.7,1,0,0,1,2
Gonzalo Cacicedo Verdú,Elche,1,90,0,0,0,51,51,100.0,2,0,0,1,1
Karol Romano,Nice,36,2844,12,14,63,1178,942,80.0,34,25,105,5,20
Miguel Savic,Porto,25,1725,20,2,120,717,556,77.6,80,42,25,56,6
Lucas Bernard,Braga,30,1350,23,4,148,832,520,62.6,105,82,86,79,44
Kai Marino,Inter Milan,6,396,4,3,30,2198,1989,90.5,9,5,60,80,43
Luka Bianchi,Olympique Lyon,15,750,6,1,49,2017,1327,65.8,43,32,11,41,50
Michal Savic,Sevilla,19,1273,11,6,47,2375,1767,74.4,92,65,43,22,5
Nayef Ferrari,Besiktas,25,2100,7,7,51,1151,875,76.1,37,21,170,1,57
Kristian Costa,Atalanta,19,1672,5,1,35,2606,1837,70.5,59,39,116,38,12
Diego Lopez,AC Milan,31,1581,7,12,54,2554,1798,70.4,94,48,168,50,17
Lorenzo Becker,Real Madrid,37,3256,24,1,175,1372,1196,87.2,34,21,90,28,40
Maximilian Keita,Bayern Munich,17,1496,12,2,97,2770,2288,82.6,44,31,8,74,23
Mathias Lopez,Liverpool,6,378,2,3,11,741,648,87.5,117,92,135,64,58
Martin Meyer,PSG,11,671,7,2,61,671,512,76.4,14,6,57,50,54
Aleksandar Kaminski,PSV Eindhoven,24,1200,12,0,68,706,535,75.9,91,63,67,74,24
Mateusz Cisse,Celtic,24,1224,7,7,30,2499,1786,71.5,83,40,16,59,58
Raphinha Schulz,Moreirense,20,1720,13,1,52,352,248,70.7,68,30,60,68,8
Casemiro Olsen,AC Milan,30,2040,21,13,149,1899,1574,82.9,111,66,104,35,2
Lucas Garcia,Moreirense,24,1392,14,7,61,606,571,94.3,52,32,165,45,3
Milan Muller,Inter Milan,18,1026,1,7,13,1068,881,82.5,81,63,12,42,15
Mateusz Costa,Liverpool,37,2146,2,17,17,1084,959,88.5,34,18,37,76,0
Mason Richard,PSG,10,530,8,2,33,2907,2625,90.3,21,8,60,75,20
Andrea Becker,Barcelona,12,732,0,1,6,2354,1506,64.0,13,7,199,46,32
Milan Taylor,Galatasaray,7,511,4,1,28,2898,2269,78.3,63,41,7,7,30
Federico Ferrari,Inter Milan,28,2464,3,7,31,501,458,91.5,46,29,16,16,17
Marcus Esposito,Besiktas,38,3040,22,10,141,2373,1668,70.3,69,44,25,14,54
Declan Brown,Rangers,36,2088,13,14,58,1588,1413,89.0,56,31,24,40,27
Mathias Thomas,Monaco,17,1156,2,7,7,549,347,63.3,17,11,95,16,35
Pablo Milinkovic,Sevilla,38,3040,17,10,137,1882,1362,72.4,90,69,108,6,18
Eder Sylla,Fenerbahce,20,1340,3,9,24,833,691,83.0,33,24,89,71,23
Nicolo Thomas,Manchester United,18,1458,3,6,30,2713,2268,83.6,76,31,168,34,1
Luca Hansen,Tottenham,18,1602,12,4,65,225,149,66.3,23,14,102,8,9
Matteo Kowalski,Celtic,2,100,0,1,7,1596,1045,65.5,44,30,198,72,38
Elias Evans,Real Sociedad,4,216,1,2,13,534,371,69.5,89,50,155,56,26
Andreas Weber,PSG,14,1078,1,5,7,1360,1138,83.7,80,47,170,39,2
Dusan Alvarez,RB Leipzig,26,2158,1,0,8,1065,925,86.9,102,51,83,15,0
Pablo Lewandowski,Benfica,28,1568,4,6,31,2249,1790,79.6,90,65,18,50,55
Maximilian Vlahovic,Atletico Madrid,28,1288,14,14,47,2558,1918,75.0,56,38,106,37,7
Matteo Rossi,Inter Milan,2,130,0,1,5,560,421,75.3,18,8,150,51,33
Maximilian Esposito,Real Sociedad,26,1664,10,3,52,512,398,77.9,19,11,49,44,22
Marcus Richard,Rangers,10,600,1,1,8,910,738,81.1,102,71,19,22,60
Eder Wojcik,Celtic,32,2368,24,14,201,2833,2328,82.2,84,44,160,40,9
Bukayo Muller,Lazio,5,375,3,2,19,2622,1625,62.0,69,29,118,57,2
Phil Davies,Sevilla,24,1512,2,10,15,2633,2045,77.7,64,40,189,5,28
Leon Zielinski,Feyenoord,13,845,9,3,65,453,343,75.8,108,82,87,10,32
Theo Piotrowski,Rangers,12,564,3,5,25,2346,1836,78.3,25,13,72,49,26
Kamil Kowalczyk,Nice,4,340,2,0,11,2485,2079,83.7,41,20,168,77,55
Gabriel Sorensen,Chelsea,22,1100,4,5,30,2912,2146,73.7,81,55,21,39,35
Karol Schmidt,AC Milan,22,1166,16,1,138,1934,1504,77.8,7,3,46,27,21
Hamza Milinkovic,Benfica,13,767,2,1,10,614,477,77.8,74,54,134,4,42
Kylian Muller,Nice,9,747,6,1,26,2758,2435,88.3,26,17,11,52,23
Bruno Thomas,Vitoria,16,1168,9,4,79,1158,911,78.7,44,34,200,60,57
Theo Wojcik,Bayern Munich,24,2112,18,7,112,1764,1368,77.6,58,45,51,77,8
Arkadiusz Johansen,Wolfsburg,4,344,3,1,22,2313,2077,89.8,41,17,41,34,28
Kai Wozniak,Sporting CP,10,720,1,1,11,309,230,74.5,55,33,60,49,5
James Vlahovic,Juventus,15,690,5,1,50,1573,1379,87.7,22,9,120,17,48
Filip Perez,Porto,29,2436,0,14,0,1248,842,67.5,24,14,186,77,33
Maximilian Sanchez,Roma,8,504,1,2,3,1176,878,74.7,106,68,16,14,53
Raheem Oliveira,Benfica,35,1610,20,16,143,788,553,70.2,5,3,61,73,26
Theo Alvarez,Tottenham,6,468,2,0,22,2278,1993,87.5,69,42,99,60,2
Leroy Pedersen,Celtic,25,1700,8,11,29,476,343,72.1,98,64,26,74,47
Aleksandar Smith,Nice,9,423,5,4,35,917,817,89.1,92,53,178,61,40
Leroy Kaminski,Tottenham,9,441,7,0,38,379,332,87.7,118,49,79,65,25
Hakim Silva,Ajax,31,1891,1,6,10,395,356,90.3,47,23,94,55,56
Piotr Sousa,Inter Milan,29,2001,10,2,67,1704,1574,92.4,71,35,21,54,5
Riccardo Thomas,Roma,12,948,4,2,13,1543,1282,83.1,44,25,183,54,10
Simone Bernard,Moreirense,29,1943,14,0,117,2718,2579,94.9,40,26,14,9,42
Ivan Johansen,Celtic,26,1768,16,12,138,855,797,93.3,23,17,173,56,2
Hamza Thomas,Liverpool,5,300,2,1,21,332,269,81.2,91,52,94,47,28
Ivan Nilsen,Valencia,37,1961,16,11,101,2860,1996,69.8,19,7,47,63,33
Endrick Nilsen,AC Milan,36,1872,8,8,71,1078,1023,94.9,41,27,125,25,7
Rodrygo Evans,Liverpool,5,365,1,2,7,2993,2810,93.9,45,30,181,8,35
Noussair Toure,Ajax,19,1216,5,2,33,1118,717,64.2,30,21,60,63,1
Lorenzo Lukic,Juventus,36,2916,11,14,79,2706,2459,90.9,13,6,183,61,33
Sergio Romano,Napoli,27,2187,2,2,20,503,380,75.7,92,55,32,70,40
Andrea Kowalski,Galatasaray,12,636,6,4,19,2322,1518,65.4,26,12,181,28,22
Kevin Wozniak,Braga,19,950,8,3,72,1324,852,64.4,43,27,23,64,41
Endrick Larsen,Arsenal,38,3116,4,5,41,2678,1922,71.8,77,32,7,10,2
Ivan Roberts,Rangers,37,2257,20,6,146,2731,2250,82.4,68,51,139,37,41
Marcus Larsen,Marseille,31,1860,21,12,112,498,418,84.1,25,14,123,59,13
Bruno Kone,Nice,10,650,5,5,31,735,636,86.6,70,43,81,30,29
Ousmane Hansen,Manchester United,18,1314,3,2,9,1388,1292,93.1,115,74,63,20,52
Luis Wozniak,Monaco,37,2405,6,5,44,2112,1636,77.5,44,26,23,50,32
Nemanja Romano,Atalanta,16,928,9,5,27,1352,1045,77.3,117,86,172,60,18
Kamil Sylla,Ajax,1,51,0,0,5,1851,1347,72.8,56,23,143,24,23
Mateo Robert,PSV Eindhoven,19,931,12,8,80,1345,1195,88.9,84,56,30,16,6
Stefan Kowalczyk,Inter Milan,24,1584,17,5,71,2667,2074,77.8,69,28,9,17,45
Mason Romano,Nice,31,2418,14,4,106,772,551,71.5,83,43,100,78,47
Matteo Rodrigues,Marseille,38,2508,16,16,119,2505,1766,70.5,109,44,84,14,26
Kevin Sousa,Galatasaray,20,1780,0,9,4,2885,2521,87.4,104,65,58,6,37
Marco Tadic,Porto,11,858,6,1,51,329,263,80.0,94,41,4,56,20
Nemanja Thomas,Napoli,10,710,3,3,30,2131,1928,90.5,99,68,180,17,33
Achraf Grujic,Borussia Dortmund,36,2340,21,15,153,1485,1388,93.5,63,48,87,69,22
Julian Keita,Vitoria,17,1428,7,3,32,2485,1749,70.4,43,30,180,26,44
Federico Kowalski,Benfica,21,1575,11,8,92,1378,886,64.3,91,56,101,44,49
Hugo Wojcik,Chelsea,19,893,9,1,52,2886,1991,69.0,66,32,137,34,59
Achraf Sorensen,PSV Eindhoven,18,954,1,9,17,1180,808,68.5,90,68,57,29,3
Jonas Bruno,Manchester City,27,1782,15,1,122,221,207,93.8,25,14,121,61,41
Phil Grujic,Bayern Munich,19,1235,9,0,37,2551,1737,68.1,99,68,9,22,26
Kevin Cisse,Tottenham,3,210,1,0,12,353,212,60.3,77,49,85,36,29
Filip Kone,Rangers,35,2730,15,4,112,1317,878,66.7,19,10,187,58,41
Marco Larsen,Wolfsburg,12,540,5,6,34,2962,2562,86.5,27,17,163,51,52
James Coulibaly,Roma,33,2145,2,12,17,956,902,94.4,66,34,63,0,16
Carlos Romano,AC Milan,16,1168,12,4,64,2585,2205,85.3,6,3,92,30,3
Bukayo Moreau,Boavista,8,592,2,1,22,2258,2084,92.3,118,80,79,15,40
Antoine Perez,Olympique Lyon,24,2016,7,3,35,827,627,75.9,82,45,179,70,58
Antoine Pedersen,Porto,35,3045,26,6,114,2640,2391,90.6,15,9,135,46,4
Luca Rossi,Feyenoord,8,384,6,4,45,2545,2005,78.8,26,13,133,56,7
Sergej Coulibaly,Vitoria,14,1260,9,7,35,2024,1787,88.3,63,28,106,58,36
Ivan Grujic,Sevilla,36,2664,21,9,168,1821,1254,68.9,5,3,148,9,2
Hamza Vlahovic,Roma,23,2047,2,8,7,2133,1303,61.1,57,26,34,53,23
Davide Ricci,AC Milan,29,2001,12,1,106,2408,1557,64.7,115,61,45,68,25
Jakub Diallo,Braga,9,531,0,0,7,2958,2520,85.2,59,36,58,31,29
Erling Schmidt,Lens,10,620,3,5,9,2904,2169,74.7,103,79,4,30,13
Benjamin Kone,Valencia,7,581,0,3,10,399,273,68.6,10,5,59,69,13
Mathias Costa,Sevilla,9,693,4,1,41,1506,1207,80.2,103,68,82,30,19
Leroy Cisse,Chelsea,34,2006,13,9,65,2480,2311,93.2,117,81,44,80,43
Mateo Milinkovic,Roma,36,2736,1,11,18,1761,1540,87.5,45,30,104,19,19
Arkadiusz Meyer,AC Milan,12,948,7,1,32,791,697,88.2,12,7,106,71,33
Aleksandar Moreau,Liverpool,25,1500,8,3,50,523,482,92.3,113,61,137,24,3
Rodrygo Zielinski,PSG,25,2200,19,9,58,970,855,88.2,80,55,143,27,30
Przemyslaw Wilson,Borussia Dortmund,22,1408,0,3,1,2161,1988,92.0,94,60,52,50,58
Richarlison Bamba,Bayer Leverkusen,36,2340,24,9,151,2385,1972,82.7,44,22,131,63,29
Casemiro Colombo,Manchester City,31,2015,6,11,36,387,308,79.7,33,22,4,33,35
Kylian Schulz,Galatasaray,38,2698,9,4,41,1142,837,73.3,111,55,140,43,16
Ivan Taylor,Benfica,32,2368,5,11,22,2438,1879,77.1,118,72,164,7,33
Carlos Olsen,Atletico Madrid,5,435,0,0,2,2783,1895,68.1,95,43,55,64,29
Erling Hoffmann,Juventus,4,336,3,2,18,227,178,78.6,57,23,135,35,34
Kristian Schulz,Olympique Lyon,2,154,1,0,4,2347,1530,65.2,29,18,64,45,17
Marco Torres,Inter Milan,6,408,3,3,24,1125,793,70.5,110,81,167,4,5
Dusan Kowalski,Inter Milan,25,1725,17,7,61,238,201,84.6,15,8,111,42,36
Alejandro Hoffmann,Manchester City,34,1598,7,6,65,2147,1492,69.5,14,9,71,69,36
Ivan Sanchez,Boavista,3,168,1,0,13,790,681,86.3,96,69,19,38,10
Harry Torres,Feyenoord,16,1296,6,8,36,773,677,87.7,93,64,128,44,3
Noussair Martin,Manchester City,28,1652,2,5,23,2639,1950,73.9,104,55,162,34,50
Lucas Zielinski,Lazio,32,1888,11,12,68,2984,2402,80.5,53,23,158,37,51
Riyad Becker,Bayer Leverkusen,5,250,2,0,22,831,713,85.9,45,24,23,0,60
Nayef Ricci,Marseille,29,1972,8,1,33,967,726,75.1,76,47,104,13,1
Nemanja Andersen,Real Sociedad,23,1840,2,9,19,1777,1073,60.4,57,31,21,71,57
Andreas Diallo,Bayer Leverkusen,37,2886,5,12,22,1301,917,70.5,68,31,42,55,17
Kylian Diallo,Napoli,20,1500,2,5,13,2760,2136,77.4,83,39,27,17,19
Gabriel Weber,Real Madrid,26,1716,19,6,102,1571,1179,75.1,110,81,152,17,19
Matteo Esposito,Monaco,13,975,5,1,35,1393,1193,85.7,86,51,147,31,20
Jakub Rodrigues,AC Milan,18,1260,5,1,38,2625,2491,94.9,28,18,140,3,60
Declan Costa,Atalanta,14,1022,4,1,34,2245,1457,64.9,43,21,168,19,45
Gabriel Fernandes,Roma,25,1225,14,9,93,1841,1448,78.7,116,78,139,4,50
Sergej Gomez,Juventus,35,2905,20,2,63,2893,2409,83.3,26,17,11,72,41
Michal Kaminski,Vitoria,26,1716,13,1,40,1259,853,67.8,100,60,148,73,14
Piotr Esposito,Lazio,24,1680,14,12,121,2249,1468,65.3,8,4,75,53,58
Alejandro Oliveira,Real Sociedad,8,432,2,2,17,1047,818,78.2,49,28,112,57,20
Sergej Taylor,Valencia,20,940,3,0,25,647,541,83.7,26,20,189,31,33
Federico Bernard,Tottenham,36,1980,10,17,67,1149,1009,87.9,85,40,163,55,25
Niklas Weber,Barcelona,13,949,9,3,54,1079,725,67.2,101,68,16,73,6
Hamza Jesus,Ajax,12,816,5,1,31,1274,1063,83.5,67,40,163,40,38
Simone Costa,AC Milan,26,2132,3,5,22,2728,1800,66.0,91,62,76,78,37
Florian Richard,Real Sociedad,9,585,1,1,6,949,693,73.1,23,13,107,76,8
Bruno Bernard,Feyenoord,25,1800,5,7,48,2842,2631,92.6,27,16,125,36,8
Gabriel Martins,Tottenham,21,1533,1,5,10,759,507,66.8,54,42,129,63,26
Erling Esposito,Vitoria,32,2272,22,14,134,538,429,79.8,106,74,74,4,17
Sergio Kaminski,RB Leipzig,35,2205,5,14,42,2451,1909,77.9,78,34,198,69,52
Nayef Martinez,Juventus,35,1645,24,14,171,1941,1234,63.6,111,73,63,38,55
Antoine Schmidt,Atletico Madrid,29,1769,11,13,40,680,592,87.1,35,16,188,75,44
Gabriel Coulibaly,Lens,28,1540,19,2,79,443,354,80.0,73,37,137,21,20
Sadio Becker,Olympique Lyon,19,1539,8,8,65,755,707,93.7,105,59,15,35,55
Rodrygo Perez,Rangers,9,801,2,1,13,1213,1051,86.7,91,50,36,73,40
Thomas Thomas,PSG,27,1863,14,1,113,1850,1443,78.0,40,27,94,58,60
Marco Roberts,Benfica,21,1722,0,1,7,2800,2329,83.2,50,37,136,50,13
Benjamin Sousa,Roma,14,1064,4,5,25,2441,1957,80.2,77,57,87,6,2
Clement Costa,Manchester City,30,1380,3,5,25,202,191,94.7,59,28,176,16,56
Mateusz Milinkovic,Rangers,20,1100,8,1,69,1225,770,62.9,90,68,42,6,25
Martin Lewandowski,Celtic,20,1780,7,6,57,589,353,60.0,66,28,151,28,33
Aleksandar Coulibaly,Vitoria,29,1305,0,11,1,1929,1626,84.3,66,28,98,11,46
Andrea Weber,Manchester City,7,455,2,2,14,745,614,82.5,91,41,135,72,0
Matteo Becker,Besiktas,11,803,5,5,30,820,756,92.2,83,55,55,11,57
Alejandro Nilsen,Manchester City,9,468,6,2,41,772,530,68.7,87,37,141,76,38
Luka Cisse,Fenerbahce,19,1691,0,4,8,2685,2088,77.8,100,55,165,6,50
Alejandro Maksimovic,Bayer Leverkusen,32,2208,3,7,28,2632,1645,62.5,118,93,92,40,8
Raheem Perez,AC Milan,37,2627,11,17,90,2129,1988,93.4,103,44,150,8,0
Sergio Nilsen,Wolfsburg,14,658,0,6,4,2774,2355,84.9,103,58,179,51,5
Sadio Keita,Celtic,35,2765,19,4,96,1469,922,62.8,31,24,39,68,20
Youssef Muller,Inter Milan,38,3230,24,2,126,1177,729,62.0,16,12,29,58,39
Alejandro Camara,Fenerbahce,4,256,1,0,5,246,161,65.7,49,29,200,33,10
Luca Fischer,Juventus,9,558,1,0,11,1314,1028,78.3,38,26,147,80,4
Ivan Larsen,Benfica,30,2310,11,1,75,883,643,72.9,37,26,146,14,14
Ivan Szymanski,Sporting CP,1,47,0,0,7,1690,1240,73.4,24,11,9,70,51
Antoine Oliveira,Rangers,27,1593,10,3,65,1311,1165,88.9,78,42,128,6,11
Nicolo Pedersen,RB Leipzig,34,1598,12,2,76,1472,1052,71.5,75,43,94,25,18
Kylian Nilsen,Feyenoord,20,1680,7,7,44,2220,2106,94.9,104,49,139,31,9
Ole Fernandez,Real Madrid,27,1242,7,8,45,239,222,93.3,5,3,96,39,6
Elias Rossi,Borussia Dortmund,34,2040,13,15,41,1346,852,63.3,34,25,133,52,44
Raphinha Lewandowski,Juventus,30,1500,18,3,128,2810,2492,88.7,14,8,15,55,42
Sander Pedersen,Liverpool,16,1008,4,5,29,1502,1138,75.8,34,14,51,17,49
Sofyan Smith,Galatasaray,7,378,0,1,7,1486,1102,74.2,73,39,197,26,28
Benjamin Wagner,Marseille,30,1830,3,2,22,1446,1285,88.9,94,60,55,41,9
Bartosz Mitrovic,Real Sociedad,16,1072,6,8,28,1424,983,69.1,27,11,103,57,35
Raheem Martin,PSV Eindhoven,16,816,7,1,29,248,154,62.2,104,82,33,25,52
Benjamin Silva,Inter Milan,24,2112,2,9,18,507,308,60.8,13,6,165,56,51
Davide Zielinski,Liverpool,6,396,0,0,0,888,819,92.3,60,43,101,63,1
Piotr Leroy,AC Milan,28,1568,11,3,48,1346,1017,75.6,24,9,158,78,15
Eder Smith,Rangers,19,1444,13,8,78,559,390,69.8,22,12,164,67,15
Mateo Torres,Celtic,35,1610,12,11,80,2185,1573,72.0,77,46,99,34,11
Luis Sousa,Barcelona,21,1743,7,0,35,2132,1673,78.5,103,65,59,20,6
Elias Pedersen,Bayer Leverkusen,16,992,8,0,41,1790,1295,72.4,112,89,44,22,15
Matteo Torres,Galatasaray,21,1869,11,9,38,2525,2012,79.7,77,60,126,69,19
Hamza Becker,Tottenham,32,1504,2,1,17,1096,665,60.7,66,26,157,25,51
Achraf Thomas,Liverpool,22,1980,5,5,15,805,648,80.5,23,16,134,46,4
Davide Brown,Juventus,26,2132,3,5,20,758,714,94.2,98,76,163,62,41
Ivan Bernard,Monaco,12,1080,8,5,61,1114,927,83.3,109,51,78,37,8
Phil Petit,Tottenham,1,89,0,0,9,1503,1385,92.2,83,40,144,13,59
Kevin Martins,Benfica,10,660,1,1,10,887,730,82.3,16,11,171,42,28
Nayef Jovic,Real Madrid,17,986,3,1,19,642,546,85.2,11,6,187,53,10
Hugo Rasmussen,Napoli,32,2208,11,12,40,2567,2125,82.8,92,45,115,9,51
Przemyslaw Kone,Atletico Madrid,19,874,10,4,31,1600,1056,66.0,53,24,19,70,60
Luis Zielinski,Real Sociedad,22,1826,15,11,51,2877,1893,65.8,118,67,13,12,21
Erling Leroy,Borussia Dortmund,13,923,8,5,72,1286,1068,83.1,43,21,12,50,36
Jakub Bianchi,PSV Eindhoven,32,1728,1,11,9,558,392,70.3,89,57,122,25,6
Simone Thomas,Barcelona,14,770,10,4,37,673,476,70.8,55,32,169,33,5
Alessandro Bianchi,Rangers,35,2415,5,11,35,964,728,75.6,38,21,67,28,53
Ivan Hansen,PSG,37,1776,4,3,22,1608,1419,88.3,57,44,150,29,35
Andrea Robert,Sevilla,25,1950,13,8,111,2545,2313,90.9,65,33,101,4,32
Clement Sorensen,Feyenoord,34,2754,21,4,70,908,846,93.2,26,20,49,16,2
Leon Mitrovic,Roma,6,528,3,1,26,2637,1819,69.0,98,75,17,11,24
Mason Wagner,PSV Eindhoven,26,2080,10,13,58,2076,1911,92.1,6,4,159,75,33
Kamil Wojcik,Napoli,8,568,1,1,16,2586,2236,86.5,17,13,144,12,50
Benjamin Keita,Olympique Lyon,35,2345,28,13,146,2882,2219,77.0,82,48,44,35,25
Riyad Dubois,Chelsea,26,1222,12,5,99,401,345,86.1,39,29,5,43,52
Sergio Ferrari,Marseille,20,1240,15,10,48,750,528,70.5,100,57,82,34,46
Karol Costa,Napoli,6,342,3,1,25,2315,2092,90.4,110,46,40,8,19
Lucas Fernandez,Sporting CP,26,1378,16,9,50,989,896,90.6,30,22,63,4,29
Marco Williams,Sevilla,24,2160,6,4,37,2268,1676,73.9,20,13,61,47,31
Stefan Ricci,Fenerbahce,29,1624,15,9,110,1610,1057,65.7,119,59,176,11,18
Karol Thomas,Barcelona,25,1200,5,9,23,2851,1935,67.9,31,15,104,65,1
Kevin Savic,Vitoria,1,75,0,0,0,1116,767,68.8,108,83,182,35,27
Richarlison Hansen,AC Milan,23,1702,8,3,52,2973,2324,78.2,84,46,26,0,32
Dusan Costa,Boavista,24,1920,19,9,99,642,493,76.9,48,38,163,41,55
Martin Martinez,PSG,17,1462,11,4,46,2318,2012,86.8,120,50,153,51,42
Alessandro Torres,Monaco,9,414,7,2,41,1857,1366,73.6,9,5,146,24,21
Arkadiusz Bruno,RB Leipzig,35,2975,25,15,205,2277,1605,70.5,26,19,142,23,18
Nayef Sanchez,Manchester City,31,1643,23,8,192,949,883,93.1,120,64,22,28,22
Phil Nilsen,RB Leipzig,20,1420,10,5,59,1404,1069,76.2,20,11,162,74,37
Erling Greco,Besiktas,5,375,1,2,13,1763,1383,78.5,57,24,38,17,12
Matheus Ricci,Nice,27,2187,14,2,72,531,409,77.1,85,67,80,7,0
Pablo Moreau,Lazio,18,1044,12,2,86,2205,1929,87.5,104,45,157,55,40
Bukayo Fernandez,Roma,26,1872,15,6,45,2386,1598,67.0,52,40,82,67,12
Declan Wagner,Barcelona,1,85,0,0,5,1478,953,64.5,54,32,78,21,4
Kamil Bernard,Atletico Madrid,20,1260,14,8,106,1583,1190,75.2,92,73,87,62,22
Bartosz Bianchi,Bayern Munich,11,770,0,1,2,1065,912,85.7,80,48,31,46,45
Declan Pavlovic,Rangers,3,207,2,1,23,399,322,80.8,11,7,167,2,3
Martin Santos,Moreirense,8,568,3,3,17,1235,946,76.6,24,11,175,80,0
Elias Maksimovic,Marseille,27,2349,3,10,25,2750,2233,81.2,22,12,26,65,46
Andrea Martin,Besiktas,8,504,0,0,3,2694,1804,67.0,38,27,51,45,45
Kevin Schneider,Napoli,19,1045,1,8,9,2168,1552,71.6,5,2,22,14,53
Gabriel Lopez,Feyenoord,32,1728,2,16,7,1248,1030,82.6,63,50,75,33,29
Julian Savic,Sevilla,7,392,0,2,10,1480,1108,74.9,19,8,194,5,0
Harry Santos,Liverpool,11,726,5,3,39,580,423,73.0,48,22,102,51,29
Bartosz Savic,PSG,25,2225,15,12,100,883,565,64.0,94,64,40,13,26
Kylian Robert,Galatasaray,31,2511,21,14,93,1755,1532,87.3,83,34,175,16,30
Kevin Piotrowski,Benfica,8,568,3,0,13,2882,2046,71.0,95,70,134,73,46
Federico Thomas,Feyenoord,15,1305,5,1,40,1218,936,76.9,89,59,98,19,53
Diego Diallo,PSV Eindhoven,4,180,1,2,13,877,549,62.6,67,35,84,35,3
Kai Meyer,Sporting CP,15,1200,10,6,63,522,397,76.1,107,67,22,63,28
Eder Brown,Monaco,8,608,5,0,21,1888,1157,61.3,75,30,23,77,39
Adrien Hoffmann,Celtic,20,1540,6,10,55,1596,1160,72.7,11,7,116,42,35
Kai Lopez,Besiktas,31,2790,21,11,175,667,422,63.4,89,43,87,45,53
Jakub Weber,Celtic,19,1520,11,1,35,2216,1438,64.9,96,66,104,13,16
Rodrygo Williams,Besiktas,13,741,1,6,9,2072,1842,88.9,29,19,27,53,2
Lucas Alvarez,Celtic,38,1976,24,14,154,2613,2443,93.5,22,17,1,67,47
Stefan Richard,Sevilla,36,2592,26,18,164,925,778,84.2,27,18,32,13,24
Jack Kowalczyk,Boavista,21,1617,12,6,87,1320,975,73.9,48,37,115,17,8
Noussair Oliveira,Napoli,33,2112,26,10,216,2791,1886,67.6,31,20,74,44,58
Michal Sylla,Vitoria,9,810,2,4,24,1520,1290,84.9,102,55,122,74,36
Harry Lopez,Boavista,27,2376,17,4,102,2341,1491,63.7,53,24,171,7,12
Alessandro Thomas,PSG,11,693,4,1,16,1035,894,86.4,9,4,115,13,39
Julian Nilsen,Vitoria,36,2124,23,17,141,2292,2005,87.5,107,72,177,6,59
Benjamin Sanchez,AC Milan,25,1775,10,8,30,1229,824,67.1,116,82,113,28,58
Federico Larsen,Celtic,24,1968,17,11,122,992,697,70.3,27,21,19,23,11
Matheus Brown,Sporting CP,8,552,0,3,8,1282,828,64.6,79,58,1,42,29
Sergej Smith,Chelsea,3,162,1,0,17,2911,2052,70.5,106,66,91,9,50
Matheus Sorensen,Monaco,34,2006,5,16,23,852,635,74.6,73,40,89,28,56
Noussair Romano,Borussia Dortmund,22,1452,11,4,53,2372,1816,76.6,76,55,166,1,7
Jude Andersen,Boavista,23,1679,7,10,58,1198,1121,93.6,92,69,97,14,24
Niklas Dubois,Wolfsburg,35,2205,0,16,8,2283,1725,75.6,10,5,166,24,20
Pablo Jovic,Sporting CP,6,306,1,0,9,1063,887,83.5,104,50,175,54,53
Matheus Garcia,Manchester City,14,1106,11,6,89,829,504,60.8,96,51,22,9,3
Sofyan Sylla,Tottenham,17,1360,1,3,11,1789,1356,75.8,56,32,4,49,43
Kamil Tadic,Manchester United,35,1575,20,2,169,386,326,84.5,14,7,128,13,18
Luka Savic,Vitoria,20,1660,2,4,18,1818,1614,88.8,8,4,136,28,8
Bartosz Meyer,Inter Milan,35,2205,20,4,110,2853,2085,73.1,6,3,142,18,7
Bukayo Rodrigues,Atletico Madrid,1,81,0,0,3,1608,1083,67.4,120,79,131,18,10
Ivan Zielinski,Tottenham,15,1260,4,3,14,2948,2594,88.0,114,48,192,70,29
Harry Christensen,Rangers,36,1764,9,2,46,1008,860,85.4,67,52,91,16,42
Raheem Lewandowski,Rangers,16,816,4,1,21,2190,1660,75.8,83,55,177,74,9
Nicolo Tadic,Feyenoord,37,2516,25,10,152,219,155,71.0,105,51,189,55,17
Hugo Keita,Juventus,9,792,5,3,37,1669,1453,87.1,67,41,44,77,5
Adrien Zielinski,PSG,9,711,3,2,34,513,438,85.5,119,48,129,80,1
Gabriel Jones,Galatasaray,38,2660,24,18,96,2459,1699,69.1,119,95,120,19,23
Rodrygo Piotrowski,Inter Milan,15,1230,11,4,51,2252,1754,77.9,55,30,2,30,54
Matteo Hansen,Besiktas,11,847,2,3,10,2519,2347,93.2,89,66,37,61,60
Davide Weber,Lens,3,177,1,0,7,1713,1168,68.2,90,43,92,49,30
Raphinha Zielinski,Atalanta,3,141,2,1,14,2795,2487,89.0,111,77,148,69,36
Marcus Szymanski,Tottenham,25,2150,12,5,94,518,404,78.1,53,41,57,66,25
Ivan Schneider,Lens,23,1748,15,9,53,769,579,75.4,34,14,164,35,13
Ola Pedersen,Chelsea,12,660,5,4,41,2907,1979,68.1,108,57,29,61,43
Hugo Oliveira,Porto,31,1798,18,5,150,291,199,68.5,21,13,41,17,40
Erling Garcia,Sporting CP,3,243,0,0,4,937,731,78.1,56,35,144,2,56
Hugo Petit,Boavista,19,950,6,7,49,2172,1433,66.0,111,62,36,74,52
Leon Rodrigues,Tottenham,33,2013,5,10,39,2619,1634,62.4,53,29,27,2,12
Sander Sorensen,Braga,33,2904,13,4,92,926,710,76.7,83,53,200,68,32
Przemyslaw Jones,Manchester United,6,450,1,0,18,1967,1540,78.3,52,38,178,67,27
Bruno Martins,RB Leipzig,31,2139,11,3,68,1242,952,76.7,34,25,21,36,38
Richarlison Szymanski,Ajax,27,1647,6,0,48,2567,2009,78.3,71,28,167,26,44
Leroy Camara,Monaco,27,1836,3,2,28,2597,1789,68.9,114,70,144,46,39
Mohamed Savic,PSG,26,1508,13,8,98,932,680,73.0,76,45,78,73,22
Thomas Lewandowski,Inter Milan,9,783,1,1,8,610,411,67.5,56,40,140,78,44
Luca Petit,Vitoria,4,220,3,2,10,795,608,76.5,81,46,16,33,14
Noussair Lewandowski,Juventus,6,498,0,3,9,2887,2257,78.2,96,75,14,22,40
Karol Christensen,Benfica,29,1305,6,13,56,1371,915,66.8,105,67,132,29,39
Harry Ferrari,Arsenal,3,204,0,0,1,1330,1161,87.3,50,33,103,75,12
Mateo Martin,Braga,1,90,0,0,4,2490,2290,92.0,49,26,70,28,38
Michal Moreau,Bayern Munich,30,2100,18,0,92,1867,1450,77.7,76,32,75,43,60
Riccardo Lopez,Manchester United,33,2013,17,8,143,1744,1389,79.7,103,51,86,58,43
Pablo Bernard,Atalanta,38,1748,15,3,76,1767,1452,82.2,33,22,58,40,26
Mohamed Rasmussen,Lens,34,2686,0,8,4,580,429,74.0,100,72,19,70,59
Stefan Torres,Tottenham,31,2015,11,6,81,948,882,93.1,92,71,48,63,47
Eder Pereira,Bayern Munich,16,960,4,3,19,1222,1091,89.3,50,23,27,15,58
Robert Andersen,Real Sociedad,32,2688,0,1,5,2742,1946,71.0,119,94,147,35,31
Niklas Mitrovic,Tottenham,33,2046,12,7,86,421,330,78.4,59,34,138,4,32
Mateusz Roberts,Lens,26,2288,5,7,23,2084,1479,71.0,6,2,53,48,37
Hakim Oliveira,Manchester City,21,1428,8,2,60,1171,812,69.4,83,44,47,63,27
Kylian Greco,Borussia Dortmund,27,2403,11,5,70,2046,1356,66.3,21,16,175,29,52
Przemyslaw Kaczmarek,Manchester City,18,1080,8,6,51,797,701,88.0,99,45,2,22,26
Marco Lukic,Benfica,9,765,5,3,29,2502,2251,90.0,11,6,176,20,3
Stefan Bianchi,Borussia Dortmund,17,1275,13,1,83,1264,917,72.6,76,47,65,44,1
Filip Costa,Napoli,8,536,6,4,33,2558,2115,82.7,73,34,199,36,22
Kai Schneider,Monaco,33,2508,24,14,78,2713,1899,70.0,85,66,42,43,26
Mateusz Bamba,Celtic,37,2590,27,2,83,1607,1092,68.0,45,29,181,34,38
Bruno Gomez,Rangers,26,1612,14,12,79,2333,2188,93.8,57,26,5,16,46
Martin Bernard,Bayer Leverkusen,17,1513,11,1,46,1826,1161,63.6,13,10,121,70,3
Nicolo Sousa,Barcelona,26,2028,2,1,19,836,526,63.0,118,65,58,31,47
Simone Fernandes,Olympique Lyon,29,2465,4,2,30,317,194,61.2,50,37,83,60,29
Bartosz Kone,Ajax,18,1440,7,2,64,925,746,80.7,63,41,162,72,27
Martin Larsen,Braga,35,2240,11,15,80,566,427,75.5,51,28,39,38,0
Raheem Lukic,Real Madrid,34,1802,11,9,74,234,196,84.1,67,52,122,38,0
Richarlison Rasmussen,Roma,19,1577,7,0,54,972,723,74.4,76,43,63,20,45
Nemanja Keita,Rangers,25,1725,7,4,27,2761,1888,68.4,102,73,156,34,18
Endrick Hansen,Rangers,35,2170,13,6,41,759,532,70.1,86,50,115,34,44
Casemiro Muller,Besiktas,32,1824,10,0,40,2391,1453,60.8,18,9,32,56,46
Ivan Diallo,Real Madrid,15,750,2,0,15,1600,1195,74.7,105,75,95,59,44
Casemiro Thomas,Atletico Madrid,22,1100,4,0,26,492,388,79.0,28,13,64,48,53
Mateo Bernard,Real Madrid,8,720,1,3,9,337,225,67.0,99,70,133,26,30
Karol Richard,AC Milan,20,1300,5,10,40,2451,1916,78.2,37,21,76,25,23
Stefan Pavlovic,Sevilla,14,728,3,6,15,885,777,87.8,79,35,62,1,2
Sofyan Coulibaly,Galatasaray,31,2759,19,4,96,1218,797,65.5,16,10,86,80,3
Robert Martin,Sevilla,23,1978,4,11,29,715,551,77.1,45,35,165,44,51
Lucas Martins,Lazio,13,598,6,2,50,1226,1121,91.5,67,45,143,37,34
Gabriel Mitrovic,Moreirense,32,1824,18,5,131,1525,1305,85.6,40,29,153,70,10
Clement Martin,Valencia,34,1836,14,9,78,1703,1292,75.9,104,68,97,23,56
Theo Williams,Barcelona,24,2016,7,5,57,2896,2719,93.9,109,60,134,63,49
Raheem Cisse,PSV Eindhoven,10,840,4,2,34,1519,970,63.9,71,47,11,16,11
Luca Marino,Atletico Madrid,13,663,7,1,21,2538,2093,82.5,54,35,134,79,44
Andrea Hoffmann,Galatasaray,17,816,5,3,36,253,234,92.6,31,20,20,59,51
Jude Kaczmarek,Celtic,4,272,3,1,24,2726,1889,69.3,10,6,77,9,60
Andrea Jovic,Borussia Dortmund,34,1734,3,7,27,976,651,66.8,89,44,160,22,35
Leroy Alvarez,PSV Eindhoven,27,1377,20,9,110,2078,1757,84.6,59,44,42,23,35
Raphinha Santos,Inter Milan,33,2178,21,5,156,2014,1866,92.7,120,63,83,47,26
Harry Cisse,Celtic,28,1820,19,3,141,1076,786,73.1,75,57,65,46,28
Bruno Pereira,Lazio,26,1170,1,4,7,2320,1501,64.7,118,61,76,28,13
Alejandro Wagner,Monaco,2,178,1,0,3,2085,1509,72.4,22,11,149,31,14
Raphinha Roberts,Wolfsburg,20,1000,12,9,49,1529,1342,87.8,27,16,176,73,52
Stefan Nilsen,Manchester City,20,940,12,1,41,1625,1475,90.8,60,33,30,29,47
Mateusz Rodriguez,Rangers,1,85,0,0,8,368,262,71.2,77,35,128,28,9
Milan Andersen,Sevilla,26,1898,19,9,134,1109,832,75.1,105,58,33,43,5
Marcus Traore,Porto,37,1776,17,12,86,1832,1421,77.6,104,70,195,17,30
Marco Davies,PSV Eindhoven,13,988,6,5,45,2498,2038,81.6,99,60,62,9,17
Hugo Lukic,Roma,21,1848,2,1,22,1934,1407,72.8,29,15,152,3,49
Jude Pereira,Marseille,11,737,7,4,35,383,353,92.3,34,16,95,19,48
Hamza Maksimovic,Real Sociedad,8,384,1,4,8,256,184,72.0,107,47,115,60,1
Mathias Schulz,Nice,14,1106,3,3,29,1259,997,79.2,84,58,36,2,24
Riyad Schulz,Galatasaray,34,1598,8,5,28,1022,895,87.6,84,42,119,1,4
Theo Rodrigues,AC Milan,18,1566,13,5,39,1398,1263,90.4,88,48,97,65,45
Riyad Lopez,Manchester City,21,1596,2,2,16,2075,1651,79.6,96,39,63,67,19
Jude Taylor,Nice,32,2240,23,5,74,1641,1188,72.4,43,21,128,35,51
Bartosz Szymanski,Sevilla,17,1173,13,0,95,1123,733,65.3,119,66,35,11,46
Rodrygo Tadic,AC Milan,34,2992,19,7,117,2546,1662,65.3,44,33,84,57,34
Thomas Fernandes,Liverpool,14,1204,2,3,12,2345,2152,91.8,60,47,197,18,41
Davide Christensen,Feyenoord,11,715,1,4,8,954,678,71.1,117,53,7,40,56
Hamza Lopez,Napoli,27,1728,14,11,116,822,717,87.3,18,8,6,78,39
Vinicius Olsen,PSG,37,3108,7,7,38,306,222,72.6,93,66,34,64,54
Alexander Lewandowski,Fenerbahce,31,2790,20,11,86,2212,1694,76.6,25,11,8,52,48
Miguel Rossi,Real Madrid,18,1278,3,3,13,925,854,92.4,61,45,125,41,55
Piotr Costa,Atalanta,16,1152,6,0,48,1481,1092,73.8,100,62,137,67,41
Florian Gomez,Atletico Madrid,34,1734,14,14,45,2324,1831,78.8,99,41,99,66,48
Benjamin Thomas,Celtic,4,228,2,1,16,1371,1043,76.1,59,30,13,66,57
James Becker,Chelsea,30,2580,14,2,120,663,439,66.3,79,61,178,69,8
Eder Jones,Inter Milan,27,1755,14,0,63,2617,2391,91.4,119,57,116,11,16
Mason Grujic,Monaco,11,990,1,0,10,2797,2033,72.7,72,49,186,65,39
Mateo Pereira,Arsenal,25,2000,12,0,53,2516,2276,90.5,115,52,37,22,49
Ousmane Rossi,Sevilla,27,1728,9,11,58,2765,1833,66.3,120,54,51,0,39
Mohamed Rodriguez,Wolfsburg,1,74,0,0,0,2690,2445,90.9,35,17,168,60,29
Ivan Cisse,Napoli,29,1450,19,9,60,2441,1701,69.7,85,52,53,6,11
Sergio Brown,Chelsea,4,344,2,0,8,2932,2351,80.2,82,42,22,6,6
Kai Kaminski,Napoli,12,660,4,4,41,2544,2228,87.6,27,21,191,74,23
Ivan Pavlovic,Atletico Madrid,6,384,2,2,13,1950,1745,89.5,13,6,34,15,44
Przemyslaw Fernandez,PSG,22,1716,13,8,55,2706,1677,62.0,78,53,161,67,5
Mateo Lopez,Porto,19,1368,10,4,79,2752,1992,72.4,21,13,127,66,46
Kylian Meyer,Celtic,32,2432,25,5,178,1389,1309,94.3,5,2,119,80,50
Carlos Christensen,Manchester United,14,1176,6,6,23,1632,1299,79.6,86,41,163,25,44
Davide Diallo,Olympique Lyon,17,833,4,4,36,1526,1324,86.8,19,12,87,50,46
Bartosz Romano,Feyenoord,2,112,0,1,10,2162,1991,92.1,107,44,34,61,9
Alexander Becker,Celtic,30,2370,10,14,60,2334,1645,70.5,97,65,142,68,1
Bruno Piotrowski,Borussia Dortmund,37,3256,10,11,32,1348,1205,89.4,48,38,160,68,53
Ousmane Vlahovic,Arsenal,37,3071,12,5,85,1462,1238,84.7,45,30,69,52,5
Phil Schmidt,Benfica,16,1088,7,4,36,1438,950,66.1,52,37,199,25,58
Mathias Sorensen,Real Sociedad,29,2233,0,12,8,831,554,66.7,66,45,134,39,49
Ivan Mitrovic,Monaco,10,510,8,5,35,349,265,76.1,96,71,29,0,19
Alessandro Pavlovic,Atletico Madrid,6,396,3,0,17,2899,2496,86.1,7,4,79,26,20
Kevin Moreau,Bayern Munich,13,819,4,4,27,2948,1889,64.1,24,11,29,1,39
Federico Nilsen,PSV Eindhoven,33,1683,6,11,47,1310,851,65.0,95,68,146,31,10
Miguel Moreau,Valencia,20,1680,10,8,60,732,446,61.0,120,80,27,49,3
Andreas Szymanski,Real Sociedad,28,1960,5,11,44,2778,2480,89.3,94,54,91,39,21
Marcus Silva,Bayern Munich,35,1750,24,14,170,580,512,88.4,94,55,116,39,43
Aleksandar Meyer,Rangers,30,2250,7,7,37,1256,1155,92.0,55,26,170,42,50
Gabriel Olsen,Monaco,30,2280,0,2,1,1639,1258,76.8,113,52,196,44,38
Arkadiusz Kowalski,Feyenoord,9,693,1,3,9,1534,1219,79.5,14,10,136,59,25
Kylian Bianchi,Galatasaray,27,1620,19,3,135,2175,1596,73.4,48,23,177,75,27
Mateusz Vlahovic,Roma,37,2442,17,7,78,2942,1844,62.7,96,60,124,14,37
Hugo Wozniak,Fenerbahce,30,1950,17,3,104,1461,1366,93.5,13,8,175,76,49
Ole Colombo,AC Milan,21,1596,1,1,6,2578,2361,91.6,86,62,193,18,42
Alexander Fernandez,Chelsea,29,2291,9,6,72,2031,1356,66.8,92,69,76,72,50
Jack Sylla,Vitoria,20,1440,11,1,77,2704,2555,94.5,56,41,75,7,23
Endrick Lewandowski,PSV Eindhoven,4,180,2,0,10,1163,873,75.1,80,44,81,48,25
Phil Alvarez,AC Milan,28,2212,6,10,31,769,512,66.6,54,39,92,53,9
Achraf Kowalczyk,Olympique Lyon,9,477,0,0,0,789,672,85.2,67,44,34,10,8
Mason Martinez,Rangers,27,1998,19,6,135,2061,1603,77.8,75,54,98,45,14
Raphinha Coulibaly,Tottenham,28,2324,0,9,3,2255,1564,69.4,74,46,8,4,36
Federico Rodrigues,Porto,24,1248,18,7,145,781,668,85.6,72,57,192,35,29
Bukayo Wojcik,Braga,6,468,4,0,23,2783,2393,86.0,90,38,162,69,51
Eder Jovic,Galatasaray,20,1680,1,5,7,2120,1609,75.9,120,70,187,42,26
Andrea Rodrigues,Lens,19,1197,5,0,49,1445,1234,85.4,77,38,161,60,37
Julian Milinkovic,Arsenal,37,1776,21,9,177,311,217,70.0,15,6,19,35,16
Sofyan Kaminski,Liverpool,18,1116,13,4,40,2673,1766,66.1,80,55,168,57,23
Theo Rasmussen,Tottenham,17,1513,3,7,20,335,241,72.0,15,11,152,19,53
Hamza Pavlovic,Benfica,27,1863,7,10,52,885,596,67.4,98,72,13,33,48
Sadio Fernandes,Manchester United,4,220,3,1,22,2150,1851,86.1,101,77,59,48,43
Matheus Milinkovic,AC Milan,31,1891,4,13,16,2038,1495,73.4,45,35,174,5,6
Kristian Robert,Ajax,23,1656,8,5,44,602,414,68.9,79,43,197,30,46
James Bernard,Vitoria,38,2166,16,10,130,1483,1174,79.2,91,36,17,1,26
Lorenzo Richard,Manchester City,34,1734,21,14,108,1360,935,68.8,9,3,23,7,60
Casemiro Bernard,Fenerbahce,14,1162,10,1,81,553,497,90.0,21,11,195,72,51
Mateo Fernandes,Tottenham,8,712,1,2,12,2905,2695,92.8,86,49,70,54,44
Alexander Rasmussen,Boavista,21,1281,5,1,25,1767,1300,73.6,12,6,67,22,28
Bartosz Thomas,Valencia,32,1824,19,12,86,2215,1413,63.8,74,52,55,78,41
Mason Lopez,Manchester City,29,2610,8,1,25,488,390,80.0,37,26,4,63,9
Hakim Jones,Rangers,1,47,0,0,5,1802,1443,80.1,70,47,197,62,30
Florian Coulibaly,Roma,26,1274,17,3,57,2174,1395,64.2,73,56,91,42,43
Leroy Davies,Marseille,26,1248,20,10,65,2389,2147,89.9,48,20,117,37,41
Benjamin Taylor,Bayern Munich,12,960,0,3,3,1424,1201,84.4,119,52,176,45,31
Lucas Larsen,Real Sociedad,29,1653,4,0,16,2628,1794,68.3,54,22,138,39,31
Mateusz Richard,Ajax,29,1334,1,5,8,375,278,74.2,32,23,170,66,29
Sofyan Weber,Vitoria,35,1890,23,7,69,779,600,77.1,7,4,158,5,15
Luca Martin,Moreirense,9,405,2,0,11,2068,1683,81.4,111,70,27,14,31
Nemanja Santos,Fenerbahce,15,735,12,3,77,2978,2206,74.1,20,15,147,69,8
Riyad Johansen,Monaco,14,658,9,2,46,694,483,69.6,101,57,178,47,35
Milan Martin,Arsenal,29,1740,18,0,73,2789,2270,81.4,104,48,124,10,0
Arkadiusz Diallo,Real Madrid,12,600,9,2,61,719,483,67.2,86,43,115,52,15
Piotr Mitrovic,Tottenham,3,249,0,1,1,2768,2460,88.9,43,23,1,71,15
Riyad Jesus,Bayern Munich,8,624,0,4,8,2278,1542,67.7,103,67,53,35,3
Carlos Ferrari,Bayern Munich,8,432,5,3,32,854,713,83.5,10,4,93,36,13
Matteo Schulz,Roma,17,1122,9,7,28,414,382,92.4,27,12,7,62,32
Rodrygo Kaczmarek,Manchester United,5,300,3,2,26,1916,1283,67.0,91,69,58,14,20
Kylian Moreau,RB Leipzig,7,420,5,3,26,1103,690,62.6,79,46,111,18,13
Jakub Nilsen,Besiktas,30,1680,12,11,55,995,816,82.1,39,18,32,4,44
Phil Diallo,Feyenoord,4,248,1,0,13,1913,1262,66.0,48,23,75,77,10
Erling Kone,Celtic,11,891,8,1,30,2337,1801,77.1,32,20,118,35,0
Jack Costa,Roma,16,960,5,6,38,2623,2442,93.1,78,59,106,5,2
Harry Davies,Porto,33,1551,13,16,85,601,455,75.8,35,15,192,1,44
Mateusz Sousa,Napoli,14,742,5,4,30,571,346,60.6,90,46,180,58,54
Theo Moreau,Feyenoord,38,1748,14,14,62,957,838,87.6,52,33,180,0,55
Ousmane Hoffmann,Celtic,5,345,2,2,10,1944,1679,86.4,94,73,138,73,50
Niklas Smith,Borussia Dortmund,6,504,2,0,24,1690,1539,91.1,19,10,119,79,2
Nicolo Maksimovic,Juventus,24,1344,17,11,59,1038,672,64.8,47,23,29,61,47
Hamza Grujic,Galatasaray,14,826,5,5,33,2986,2233,74.8,11,4,88,57,31
Arkadiusz Fischer,Sporting CP,34,1768,15,17,128,1397,1058,75.8,52,37,177,8,12
Niklas Becker,Atalanta,6,300,3,1,16,647,425,65.8,19,12,127,19,55
Luka Traore,Borussia Dortmund,34,2890,0,9,10,2417,2238,92.6,65,35,113,2,18
Lucas Tadic,Bayern Munich,5,230,1,2,13,1886,1514,80.3,88,57,83,62,37
Kristian Grujic,Boavista,34,2720,14,14,79,740,676,91.4,44,20,66,29,30
Youssef Larsen,Juventus,19,912,4,5,27,881,719,81.7,25,17,73,23,11
Clement Esposito,Moreirense,10,550,3,0,14,2553,1644,64.4,38,20,52,71,45
Niklas Durand,Atletico Madrid,21,1407,4,5,32,865,680,78.7,20,15,103,63,49
Maximilian Evans,Chelsea,30,1950,4,0,40,2278,1631,71.6,95,49,74,73,42
Julian Leroy,Chelsea,37,2701,10,3,87,364,236,64.9,75,33,6,51,39
Luis Jovic,RB Leipzig,29,1943,2,5,15,2826,1887,66.8,72,35,196,35,12
Hamza Ricci,Barcelona,6,474,3,0,27,996,768,77.2,82,52,14,46,25
Sergio Hansen,Chelsea,28,1904,12,5,40,1612,1165,72.3,62,46,22,27,46
Matteo Piotrowski,Lazio,27,1971,9,2,78,1896,1230,64.9,80,51,36,26,19
Davide Wojcik,Porto,34,2244,2,12,6,1877,1546,82.4,39,22,142,59,45
Mateo Coulibaly,Feyenoord,9,513,2,3,18,2209,1358,61.5,110,57,149,38,31
Federico Martinez,PSV Eindhoven,30,1770,0,0,4,1429,1336,93.5,111,72,31,36,26
Andreas Petit,Tottenham,32,2848,20,7,61,1335,1031,77.3,13,8,92,74,30
Mohamed Traore,Feyenoord,28,1708,20,10,121,1728,1346,77.9,78,31,66,20,37
Richarlison Taylor,Sevilla,10,650,7,5,33,868,537,61.9,51,28,91,6,18
Ousmane Traore,Olympique Lyon,34,2890,2,16,18,950,824,86.8,81,56,139,41,55
Alessandro Alvarez,Monaco,20,1240,11,1,86,1640,1456,88.8,6,2,72,47,49
Rodrygo Coulibaly,Benfica,27,1782,5,1,22,2261,1530,67.7,29,20,143,78,44
Gabriel Andersen,Braga,35,3150,17,3,109,512,328,64.1,21,16,122,44,19
Robert Wozniak,Moreirense,24,1272,14,9,103,905,767,84.8,8,5,30,28,8
Sergio Bruno,Moreirense,10,890,3,2,15,733,691,94.3,59,39,200,14,4
Andrea Pedersen,Barcelona,31,2232,1,6,3,2902,2263,78.0,12,7,64,5,4
Hugo Rossi,Marseille,1,51,0,0,3,956,798,83.5,8,3,191,35,60
Kylian Colombo,Galatasaray,23,1541,5,8,49,1190,924,77.7,13,5,148,1,33
Martin Grujic,Borussia Dortmund,13,819,2,6,14,604,557,92.3,69,51,121,46,44
Raphinha Sorensen,Galatasaray,12,876,1,1,11,1937,1307,67.5,34,19,194,40,7
Ole Christensen,Atalanta,8,624,1,3,9,2482,2117,85.3,15,7,29,49,18
Kai Pavlovic,Atalanta,20,1760,14,3,104,1390,1313,94.5,59,28,17,60,60
Sofyan Thomas,Vitoria,24,1344,0,10,10,630,465,73.9,71,47,21,15,9
Casemiro Martins,Inter Milan,26,2314,18,1,146,465,338,72.7,30,16,152,51,7
Hugo Olsen,RB Leipzig,28,2128,8,12,73,2631,1831,69.6,106,76,102,45,30
Endrick Moreau,Boavista,26,1976,16,4,71,642,412,64.3,67,40,160,17,1
Alexander Christensen,Manchester City,4,196,3,2,11,1767,1434,81.2,46,21,159,79,6
Alejandro Rasmussen,Valencia,34,2584,25,14,104,2911,2253,77.4,69,34,87,69,34
Luka Esposito,Barcelona,3,216,0,1,5,1741,1314,75.5,9,3,142,38,56
Milan Wagner,Arsenal,32,2304,4,9,38,2196,1903,86.7,77,51,168,70,43
Robert Becker,Ajax,37,2775,15,17,68,428,315,73.7,68,43,96,78,43
Benjamin Lewandowski,Lens,19,1235,1,0,7,725,647,89.3,49,35,149,3,48
Luca Muller,Celtic,22,1518,3,6,20,1887,1364,72.3,89,44,60,39,37
Antoine Schneider,Real Sociedad,5,320,0,1,0,2405,1717,71.4,63,41,108,72,32
Erling Torres,Napoli,18,828,11,7,77,1496,1095,73.2,54,28,25,62,6
Kevin Garcia,Moreirense,14,924,7,5,37,1426,1036,72.7,60,28,162,9,53
Gabriel Jesus,Ajax,14,882,4,0,29,1846,1628,88.2,84,58,23,74,6
Arkadiusz Larsen,Galatasaray,22,1364,2,9,21,1949,1311,67.3,106,45,77,64,51
Mohamed Durand,Marseille,28,2436,17,5,74,1847,1270,68.8,70,40,195,70,11
Diego Hoffmann,Barcelona,34,1904,18,15,82,2114,1467,69.4,86,52,157,55,59
Clement Jovic,Feyenoord,4,312,1,1,8,1184,773,65.3,92,64,111,52,20
Clement Piotrowski,Valencia,14,994,4,4,34,1250,1050,84.0,35,19,29,19,12
Eder Torres,Barcelona,16,1024,7,7,55,1928,1592,82.6,9,4,69,17,1
Kamil Hoffmann,Wolfsburg,18,1566,8,2,64,2190,1914,87.4,12,8,21,40,38
Benjamin Kowalski,Marseille,5,355,2,2,17,1825,1697,93.0,97,71,60,14,36
Kristian Lewandowski,Sporting CP,8,624,5,4,39,2233,2032,91.0,35,22,197,40,21
Jonas Costa,Galatasaray,25,1500,13,3,53,917,618,67.5,40,23,65,75,3
Alessandro Cisse,Benfica,35,2380,22,3,118,1935,1482,76.6,36,28,200,18,23
Kai Kowalczyk,Porto,24,1536,0,10,0,2912,2562,88.0,11,7,171,30,16
Riccardo Torres,PSV Eindhoven,25,1600,20,11,110,699,550,78.7,35,26,99,1,58
Alejandro Schmidt,Inter Milan,17,1088,1,3,8,856,788,92.1,85,44,196,52,50
Adrien Larsen,Atletico Madrid,18,900,13,7,84,1562,1329,85.1,117,89,25,20,44
Ivan Pedersen,Wolfsburg,33,1617,11,13,85,1538,1167,75.9,8,5,164,23,40
Clement Martins,Lazio,9,405,6,1,52,1485,1190,80.2,19,8,132,16,54
Nicolo Fernandes,Fenerbahce,27,1755,14,7,114,1267,837,66.1,80,58,72,25,5
Arkadiusz Leroy,Napoli,24,1344,12,6,87,284,264,93.2,76,50,160,29,58
Mateusz Oliveira,Real Sociedad,30,1710,8,5,30,2731,2048,75.0,38,17,94,21,60
Theo Keita,Feyenoord,8,360,5,4,37,2959,2287,77.3,33,22,48,34,18
Nayef Toure,Benfica,25,1325,13,3,94,1359,1160,85.4,29,16,104,18,1
Richarlison Rossi,Olympique Lyon,17,1020,9,7,41,2587,2170,83.9,63,27,120,17,55
Matheus Savic,Monaco,26,2288,6,11,42,2646,1825,69.0,17,10,13,42,59
James Sorensen,Bayer Leverkusen,31,2077,19,1,61,2266,1851,81.7,43,34,171,47,8
Ousmane Lopez,PSV Eindhoven,3,246,0,1,8,2218,2053,92.6,117,68,22,40,45
Lorenzo Hoffmann,Braga,28,1512,8,1,40,723,560,77.5,111,56,92,55,18
Michal Andersen,Wolfsburg,17,1326,5,6,25,2212,1917,86.7,24,14,168,56,3
Kristian Rodriguez,Bayern Munich,10,480,3,1,16,1265,831,65.7,64,36,126,5,28
Milan Szymanski,Lens,36,2736,14,15,44,706,509,72.2,31,23,46,21,47
Theo Andersen,Sporting CP,18,1458,14,9,65,216,169,78.4,78,36,19,31,49
Pablo Grujic,Benfica,7,462,0,2,10,699,515,73.8,80,61,27,41,9
Mateo Schneider,Barcelona,6,444,3,3,28,2633,2185,83.0,47,37,167,79,60
Mohamed Bamba,Lazio,21,1701,4,3,22,1358,968,71.3,12,8,140,77,24
Przemyslaw Martins,Real Sociedad,26,1586,5,3,31,284,255,89.8,25,13,103,36,41
Lucas Fischer,Rangers,10,520,4,3,28,2671,1725,64.6,90,39,94,65,12
Sander Rodrigues,Benfica,29,2001,15,4,114,1932,1221,63.2,59,42,157,23,27
Karol Coulibaly,Celtic,28,1400,1,8,12,2970,2013,67.8,92,63,126,67,40
Lorenzo Diallo,Rangers,34,1700,9,14,55,2156,1519,70.5,21,14,76,31,33
Jack Santos,Roma,19,1539,1,8,3,2302,1468,63.8,59,33,118,72,52
Harry Jones,Wolfsburg,23,1403,18,1,126,666,572,85.9,64,30,46,50,2
Kevin Williams,Real Sociedad,27,2430,9,5,70,2945,2229,75.7,108,54,47,27,11
Gabriel Kaczmarek,Real Sociedad,17,1496,1,6,7,223,164,73.8,6,2,122,58,44
Hakim Petit,Inter Milan,32,2048,19,11,162,2965,2188,73.8,43,18,34,1,12
Jakub Oliveira,Manchester United,2,178,0,0,7,2856,1859,65.1,35,20,160,68,12
Milan Hansen,Real Sociedad,20,1480,4,7,24,677,445,65.8,24,16,113,62,30
Diego Sousa,Barcelona,29,2378,7,3,44,1804,1114,61.8,6,2,182,55,26
Lorenzo Smith,Benfica,38,3154,23,17,115,2196,1625,74.0,70,44,156,62,14
Ousmane Jones,Sevilla,34,1564,13,10,92,1297,1184,91.3,58,43,29,63,39
Alessandro Vlahovic,Rangers,23,1679,13,0,56,987,754,76.4,61,30,56,75,58
Rodrygo Camara,Vitoria,22,1826,14,2,76,1907,1701,89.2,91,60,92,60,51
Marco Lewandowski,Arsenal,14,882,11,1,95,728,481,66.1,25,16,25,53,60
Nayef Fernandes,Benfica,20,1200,6,8,18,1669,1515,90.8,50,33,44,64,2
Gabriel Gomez,Valencia,22,1584,3,9,13,2501,1695,67.8,38,30,200,45,49
Niklas Bamba,Atletico Madrid,36,2232,28,4,232,2675,2230,83.4,95,39,112,58,53
Bukayo Christensen,Manchester United,7,588,4,0,28,2277,1450,63.7,85,38,52,46,10
Mateo Toure,Olympique Lyon,29,2233,15,11,47,2850,2071,72.7,109,49,51,56,26
Robert Martins,Real Madrid,16,1200,5,4,37,549,380,69.3,96,67,92,80,42
Milan Gomez,Bayer Leverkusen,10,780,6,1,30,1893,1743,92.1,119,69,132,46,60
Leon Robert,Barcelona,29,1566,0,11,1,547,392,71.8,56,44,42,55,3
Erling Ricci,Inter Milan,3,261,2,0,14,2787,2628,94.3,107,71,133,37,26
Mateusz Coulibaly,Inter Milan,36,2304,23,10,115,1345,1230,91.5,83,63,179,51,28
Nicolo Lopez,Rangers,14,1106,9,7,77,2857,2119,74.2,30,22,21,4,34
Robert Sorensen,Nice,25,1325,16,8,83,580,451,77.9,44,26,193,20,1
Antoine Jovic,Barcelona,35,2870,8,7,46,2269,1449,63.9,12,8,66,80,32
Erling Martinez,Lens,8,384,6,0,40,2544,2182,85.8,63,33,60,74,36
Erling Santos,Celtic,35,2905,7,11,39,2931,2564,87.5,96,60,35,48,33
Lorenzo Schulz,Bayer Leverkusen,7,455,4,1,27,601,391,65.1,59,43,20,11,3
Alessandro Fernandes,Roma,9,675,3,3,14,2972,2330,78.4,80,49,199,50,55
Nicolo Kowalczyk,Wolfsburg,38,2888,20,13,127,1907,1693,88.8,23,13,124,58,8
Andrea Toure,Sporting CP,34,1768,22,6,139,333,286,86.1,76,41,30,77,54
Aleksandar Durand,Napoli,8,416,2,4,10,2341,1531,65.4,52,27,95,38,18
Noussair Jovic,Benfica,2,108,0,1,4,1361,918,67.5,109,75,0,15,35
Theo Pereira,Lens,5,235,3,1,25,2517,1907,75.8,48,34,121,77,8
Sadio Diallo,Liverpool,33,2805,14,14,119,810,731,90.3,46,20,159,79,26
Kylian Sousa,AC Milan,15,1050,5,0,47,1336,1103,82.6,115,53,6,73,40
Jude Weber,Marseille,36,3096,3,17,12,2734,2159,79.0,101,42,145,66,12
Ole Camara,Porto,33,1518,3,5,13,1042,714,68.6,95,69,148,56,5
Ivan Marino,Ajax,21,1470,1,7,8,1990,1319,66.3,8,5,81,48,16
Ivan Richard,Real Sociedad,8,408,4,1,22,948,653,68.9,16,7,104,21,3
Stefan Pereira,Besiktas,21,1176,0,0,6,604,430,71.2,57,43,66,48,60
Mason Keita,Manchester United,4,228,1,2,10,2219,1726,77.8,69,38,29,34,3
Theo Garcia,Monaco,30,2400,13,2,78,1869,1536,82.2,118,48,141,75,43
Clement Tadic,Manchester City,16,1280,10,2,59,1866,1410,75.6,113,73,52,18,23
Sander Lewandowski,Ajax,11,660,8,3,63,371,222,60.0,64,50,158,37,41
Riyad Bruno,Arsenal,1,48,0,0,4,2985,2188,73.3,49,36,54,74,53
Casemiro Sylla,Sporting CP,19,893,5,8,36,1431,902,63.1,94,42,35,71,17
Sadio Brown,Roma,14,1176,8,5,69,2801,1935,69.1,101,68,69,31,42
