player_name,shots,goals,passes,total_minutes
aaron cresswell,7,0.0,396.0,1222
aaron lennon,9,0.0,225.0,986
aaron ramsey,12,1.0,397.0,1411
abbey-leigh stringer,3,0.0,726.0,2863
abbi grant,23,2.0,315.0,1806
abbie mcmanus,5,0.0,1510.0,4365
abby erceg,1,0.0,51.0,178
abdoul karim yoda,2,0.0,20.0,136
abdoulaye ba,1,0.0,45.0,167
abdoulaye doucouré,1,0.0,37.0,137
abdul rahman baba,4,0.0,228.0,783
abdón prats bastidas,1,0.0,3.0,23
abel eduardo balbo,3,1.0,22.0,100
abel ruiz ortega,1,0.0,12.0,60
abigail harrison,16,1.0,259.0,1633
adam david lallana,14,1.0,378.0,1716
adam johnson,8,0.0,412.0,1440
adam smith,6,0.0,476.0,1649
adelina engman,7,2.0,133.0,624
adlène guédioura,2,0.0,114.0,420
adnan januzaj,1,0.0,14.0,76
adrian mutu,1,0.0,62.0,259
adriana kristina leon,28,6.0,290.0,1636
adriano correia claro,30,2.0,2312.0,7063
adrienne jordan,2,0.0,629.0,2165
adrián embarba blázquez,5,0.0,51.0,291
adrián gonzález morales,6,0.0,86.0,337
adrián lópez álvarez,3,0.0,103.0,441
adrián marín gómez,1,0.0,36.0,131
aileen whelan,60,6.0,869.0,4675
aitana bonmati conca,1,0.0,41.0,143
alan hutton,3,0.0,398.0,1216
alan shearer,2,0.0,59.0,278
alan smith,5,1.0,106.0,453
alan stubbs,3,0.0,62.0,177
alanna stephanie kennedy,2,0.0,148.0,454
alberto bueno calvo,6,1.0,120.0,504
alberto de la bella madureño,3,1.0,159.0,515
alberto mateus contreiras gonçalves,4,1.0,75.0,450
alberto moreno pérez,8,2.0,510.0,1593
alberto paloschi,3,0.0,52.0,261
aleix garcía serrano,1,0.0,53.0,195
aleix vidal parreu,14,2.0,949.0,3184
alejandro alfaro ligero,1,0.0,14.0,79
alejandro arribas garrido,1,0.0,62.0,315
alejandro barrera garcía,1,0.0,9.0,42
alejandro bergantiños garcía,2,2.0,169.0,643
alejandro gallar falguera,1,1.0,19.0,80
alejandro granell nogué,1,0.0,89.0,332
alejandro lópez sánchez,2,0.0,71.0,334
alejandro menéndez díez,4,0.0,34.0,217
alejandro pozo pozo,1,0.0,59.0,179
aleksandar katai,1,0.0,19.0,96
aleksandar kolarov,10,1.0,532.0,1537
aleksandar mitrović,29,2.0,279.0,1564
aleksandar pantić,1,0.0,53.0,182
alen halilović,3,0.0,70.0,289
alessandro altobelli,3,0.0,29.0,173
alessandro nesta,1,0.0,94.0,278
alessandro renica,4,1.0,88.0,278
alex greenwood,1,0.0,159.0,451
alex iwobi,8,1.0,136.0,582
alex oxlade-chamberlain,2,0.0,68.0,260
alex rae,1,0.0,89.0,364
alex sandro lobo silva,1,0.0,47.0,155
alexander alegría moreno,3,1.0,27.0,162
alexander banor tettey,5,1.0,336.0,1113
alexander isak,7,1.0,35.0,203
alexander szymanowski,3,0.0,25.0,124
alexandra morgan carrasco,10,5.0,26.0,146
alexandra popp,9,1.0,74.0,410
alexandra riley,1,0.0,242.0,743
alexandre dimitri song-billong,4,0.0,711.0,2379
alexandre rodrigues da silva,2,1.0,34.0,225
alexia putellas segura,7,0.0,111.0,448
alexis alejandro sánchez sánchez,68,11.0,1068.0,4849
alfred john momar n''diaye,2,0.0,80.0,375
alfreð finnbogason,1,0.0,12.0,87
ali johnson,1,0.0,28.0,97
alia guagni,1,0.0,81.0,237
alisha lehmann,52,9.0,623.0,3822
allan romeo nyom,2,0.0,450.0,1531
allie long,1,0.0,20.0,69
allyson swaby,2,0.0,68.0,241
almen abdi,11,2.0,318.0,1252
aly cissokho,1,0.0,418.0,1180
amalie vevle eikeland,23,2.0,279.0,1752
amanda nildén,4,1.0,144.0,734
amanda sampedro bustos,1,0.0,35.0,143
amandine henry,7,1.0,158.0,531
amber gaylor,9,1.0,215.0,1221
amdy moustapha faye,1,0.0,67.0,311
amel majri,5,0.0,222.0,640
amelia hazard,1,0.0,9.0,60
amy goddard,4,0.0,279.0,867
amy rodgers,5,0.0,310.0,1314
amy turner,8,0.0,524.0,1513
anaitz arbilla zabala,3,0.0,228.0,763
anatoliy tymoshchuk,2,0.0,80.0,237
ander barrenetxea muguruza,3,0.0,21.0,147
ander capa rodríguez,3,0.0,130.0,564
ander herrera agüera,11,2.0,547.0,1967
ander iturraspe derteano,2,0.0,161.0,507
anderson luís de souza,2,1.0,42.0,200
andrea carnevale,7,2.0,46.0,327
andrea pirlo,5,0.0,251.0,750
andrea sánchez falcón,1,0.0,17.0,89
andressa alves da silva,4,0.0,75.0,311
andrew philip king,9,1.0,178.0,598
andrew robertson,1,0.0,94.0,280
andrew surman,2,0.0,638.0,1962
andriy shevchenko,6,0.0,15.0,133
andros townsend,11,2.0,152.0,709
andré ayew pelé,25,7.0,384.0,1897
andré filipe tavares gomes,18,3.0,932.0,3656
andré miguel valente silva,1,0.0,24.0,122
andrés iniesta luján,98,3.0,5998.0,20502
andy carroll,12,3.0,60.0,293
andy cole,2,0.0,59.0,249
angela addison,3,1.0,48.0,340
angelo di livio,2,0.0,23.0,90
angharad james,23,1.0,1208.0,4437
anna anvegård,5,0.0,39.0,186
anna filbey,1,0.0,529.0,1722
anne-marie heatherson,18,2.0,379.0,2107
anssumane fati,27,5.0,451.0,2017
ante budimir,4,2.0,37.0,213
anthony le tallec,1,0.0,17.0,76
anthony martial,20,6.0,335.0,1789
antoine griezmann,66,9.0,1327.0,5316
antoine sibierski,3,0.0,22.0,109
antolín alcáraz viveros,1,0.0,27.0,91
antonio garcía aranda,2,0.0,235.0,763
antonio jesús regal angulo,1,0.0,46.0,158
antonio latorre grueso,1,0.0,68.0,211
antônio de oliveira filho,5,1.0,63.0,382
aoife mannion,3,1.0,1655.0,4970
arda turan,20,4.0,1255.0,4816
arie haan,6,0.0,49.0,197
aritz aduriz zubeldia,18,2.0,117.0,712
aritz elustondo irribaria,1,1.0,142.0,482
arjan de zeeuw,1,0.0,34.0,142
arjen robben,26,1.0,183.0,721
armindo tué na bangna,4,0.0,8.0,46
arouna koné,11,3.0,198.0,830
arthur etienne boka,1,0.0,1.0,9
arthur henrique ramos de oliveira melo,9,2.0,2044.0,6815
arturo erasmo vidal pardo,47,9.0,2615.0,9558
ashleigh neville,4,0.0,572.0,1952
ashley cole,11,1.0,1901.0,5813
ashley elizabeth marie lawrence,4,0.0,140.0,477
ashley hodson,3,1.0,73.0,486
ashley westwood,11,0.0,459.0,1568
ashley williams,6,1.0,653.0,1998
ashley young,3,0.0,321.0,979
asier illarramendi andonegi,2,0.0,204.0,780
asisat lamina oshoala,5,1.0,53.0,312
"augustine azuka ""jay-jay"" okocha",5,0.0,100.0,373
augusto matías fernández,7,0.0,189.0,896
aurora galli,2,2.0,25.0,108
ava kuyken,1,0.0,36.0,185
aya sameshima,1,0.0,141.0,423
aymeric laporte,4,0.0,179.0,580
ayoze pérez gutiérrez,18,1.0,275.0,1402
aythami artiles oliva,1,0.0,88.0,286
aïssa mandi,1,0.0,158.0,559
bacary sagna,1,0.0,401.0,1122
bafétimbi gomis,24,1.0,187.0,1029
bakary sako,10,1.0,134.0,619
bamidele alli,25,2.0,362.0,1742
barbara bonansea,5,2.0,52.0,294
barry ferguson,3,0.0,53.0,189
bastian schweinsteiger,9,0.0,601.0,1919
beatriz zaneratto joão,2,0.0,32.0,162
ben davies,3,0.0,338.0,975
ben watson,4,0.0,430.0,1358
benik afobe,10,3.0,98.0,646
bernard mensah,1,0.0,2.0,25
bernardo josé espinosa zúñiga,4,0.0,90.0,335
bernd schuster,2,0.0,72.0,240
bernhard cullmann,3,0.0,39.0,138
berti vogts,1,0.0,47.0,152
bertrand isidore traoré,7,1.0,57.0,322
bethan roe,1,0.0,85.0,235
bethany england,124,23.0,661.0,3773
bethany mead,67,10.0,1246.0,5386
beñat etxebarria urkiaga,4,0.0,222.0,752
billy jones,6,0.0,442.0,1546
bojan krkíc pérez,10,2.0,259.0,1063
bonnie horwood,5,0.0,506.0,1968
borja garcía freire,1,0.0,51.0,220
borja gonzález tomás,1,0.0,38.0,252
borja iglesias quintas,3,0.0,56.0,283
borja mayoral moya,4,1.0,69.0,359
boudewijn zenden,3,0.0,67.0,251
bradley johnson,4,0.0,24.0,96
brais méndez portela,3,0.0,69.0,314
branislav ivanović,17,2.0,901.0,2644
brede hangeland,1,0.0,29.0,99
brendan joel zibusiso galloway,1,0.0,172.0,575
brett ormerod,2,0.0,32.0,205
brian mcbride,1,0.0,18.0,72
brianna visalli,36,1.0,673.0,3337
brooke chaplen,80,10.0,520.0,3617
brooke hendrix,9,0.0,638.0,1926
bruno gonzález cabrera,1,0.0,54.0,211
"bruno n""gotty",1,0.0,24.0,71
bruno soriano llido,2,0.0,203.0,698
bryan oviedo,1,0.0,92.0,312
busisiwe ndimeni,1,0.0,34.0,164
caitlin jade foord,4,1.0,51.0,272
callum davidson,1,0.0,27.0,120
callum mcmanaman,5,0.0,60.0,268
callum wilson,3,1.0,41.0,349
cameron brannagan,1,0.0,108.0,375
cameron jerome,11,1.0,121.0,693
carl cort,1,0.0,22.0,136
carl jenkinson,3,2.0,233.0,692
carl medjani,2,0.0,17.0,64
carla humphrey,33,0.0,734.0,3737
carles aleña castillo,12,2.0,628.0,2230
carles gil de pareja vicent,8,1.0,354.0,1428
carles planas antolínez,1,0.0,34.0,115
carles puyol i saforcada,3,1.0,324.0,988
carles pérez sayol,2,0.0,91.0,336
carli anne hollins,15,3.0,45.0,249
carlos alberto gomes de jesus,1,1.0,11.0,117
carlos alberto sánchez moreno,4,0.0,272.0,1044
carlos alberto tevez,4,0.0,41.0,193
carlos alberto vela garrido,10,0.0,194.0,1030
carlos arturo bacca ahumada,8,1.0,72.0,393
carlos castro garcía,2,2.0,28.0,194
carlos daniel tapia,1,0.0,3.0,14
carlos fernández luna,1,0.0,29.0,212
carlos henrique casimiro,13,2.0,417.0,1509
carlos joaquín correa,1,0.0,31.0,183
carlos manuel bocanegra,1,0.0,46.0,130
carlos martínez díez,1,0.0,122.0,390
carlos neva tey,1,0.0,26.0,73
carlos soler barragán,2,0.0,60.0,319
carolin simon,1,0.0,85.0,246
caroline graham hansen,3,1.0,86.0,427
caroline weir,72,8.0,2153.0,7528
cedric mabwati gerard,3,0.0,9.0,64
celso borges mora,4,0.0,136.0,516
chae-rim kang,3,0.0,46.0,298
chancel mbemba mangulu,4,0.0,370.0,1247
chantelle boye-hlorkah,39,3.0,507.0,2618
charles días barbosa de oliveira,18,0.0,104.0,603
charlie adam,14,1.0,199.0,718
charlie austin,3,0.0,25.0,170
charlie daniels,4,1.0,639.0,1937
charlie wellings,62,3.0,750.0,4017
charlotte bilbault,1,0.0,69.0,231
charlotte buxton,1,0.0,117.0,479
charlotte estcourt,3,0.0,129.0,540
cheikhou kouyaté,13,1.0,272.0,1071
cheyna matthews,1,0.0,12.0,78
chidinma nkeruka okeke,1,0.0,101.0,311
chinaza uchendu,2,0.0,50.0,202
chinyelu asher,1,0.0,27.0,161
chloe arthur,29,1.0,1228.0,4990
chloe kelly,71,10.0,602.0,3425
chloe logarzo,4,1.0,76.0,394
chloe peplow,15,0.0,878.0,3216
chris baird,1,0.0,43.0,150
chris brunt,3,0.0,182.0,509
chris smalling,6,0.0,484.0,1510
christen annemarie press,7,0.0,80.0,288
christian benteke liolo,17,4.0,199.0,1002
christian dannemann eriksen,39,5.0,762.0,2664
christian fuchs,10,0.0,551.0,1495
christian robert santos kwasniewski,2,0.0,31.0,136
christie murray,14,0.0,523.0,2164
christine manie,1,0.0,35.0,129
christine margaret sinclair,10,0.0,86.0,384
chung-yong lee,3,0.0,90.0,341
ciaran clark,3,1.0,88.0,316
ciro ferrara,1,0.0,34.0,147
claire emslie,24,5.0,347.0,1647
claire lauren rafferty,4,1.0,636.0,1710
clare elizabeth polkinghorne,1,0.0,59.0,186
clarence seedorf,2,0.0,81.0,339
claude makélélé,2,0.0,113.0,421
claudia walker,47,1.0,423.0,2557
claudine falonne meffometou tcheno,2,0.0,72.0,235
claudio ariel yacob,3,0.0,295.0,1073
claudio beauvue,3,0.0,15.0,87
claudio marchisio,3,0.0,54.0,179
claudio santos,1,0.0,27.0,98
claus jensen,3,1.0,116.0,379
clinton mua n''jie,2,0.0,25.0,125
clément lenglet,15,3.0,2832.0,8766
colin cameron,1,0.0,74.0,291
collins john,2,0.0,6.0,37
connie scofield,7,1.0,314.0,1446
connor wickham,18,2.0,177.0,1112
coral-jade haines,3,0.0,36.0,173
courtney sweetman-kirk,47,9.0,533.0,3010
craig bellamy,4,0.0,45.0,297
craig cathcart,1,0.0,316.0,917
craig dawson,9,0.0,459.0,1314
craig gardner,12,1.0,212.0,815
craig hignett,2,1.0,12.0,47
craig short,2,0.0,77.0,233
cristhian ricardo stuani curbelo,8,2.0,50.0,364
cristian gamboa luna,1,0.0,13.0,66
cristian portugués manzanera,3,0.0,59.0,396
cristian tello herrera,14,3.0,248.0,948
cristiana girelli,4,3.0,75.0,339
cristiane rozeira de souza silva,4,4.0,34.0,179
cristiano ronaldo dos santos aveiro,67,8.0,404.0,1904
crystal alyssia dunn soubrier,1,0.0,76.0,223
cédric bakambu,7,2.0,38.0,218
cédric ricardo alves soares,1,0.0,245.0,766
césar azpilicueta tanco,5,2.0,1028.0,2962
dado prso,1,0.0,29.0,133
daley blind,2,1.0,634.0,1845
dame n''doye,7,1.0,68.0,421
damien delaney,9,0.0,404.0,1294
dan gosling,14,2.0,286.0,1326
daniel alves da silva,57,0.0,5870.0,18825
daniel andre sturridge,22,2.0,188.0,965
daniel carvajal ramos,3,0.0,737.0,2343
daniel ceballos fernández,4,0.0,101.0,574
daniel filipe martins carriço,3,0.0,152.0,594
daniel garcía carrillo,1,0.0,255.0,934
daniel josé rodríguez vázquez,4,0.0,82.0,393
daniel munthe agger,2,0.0,22.0,78
daniel nii tackie mensah welbeck,7,1.0,39.0,314
daniel parejo muñoz,15,2.0,372.0,1598
daniel ruiz bazan justa,4,0.0,21.0,109
daniel van buyten,2,0.0,71.0,197
daniel wass,7,0.0,167.0,647
daniel william john ings,7,2.0,58.0,307
daniela sabatino,4,0.0,18.0,134
daniele verde,2,0.0,32.0,148
danielle buet,27,1.0,1025.0,3907
danielle carter,5,0.0,44.0,241
danielle turner,13,1.0,1315.0,3766
danielle van de donk,61,16.0,1586.0,6661
danilo barbosa da silva,3,0.0,20.0,123
danilo luiz da silva,2,0.0,90.0,277
danique kerkdijk,9,3.0,904.0,3049
danny drinkwater,10,0.0,608.0,2066
danny graham,2,0.0,63.0,299
danny higginbotham,2,0.0,94.0,256
danny rose,12,0.0,567.0,1730
danny simpson,2,0.0,352.0,1004
darko brašanac,1,0.0,19.0,79
darren ambrose,1,0.0,28.0,148
darren anderton,1,1.0,30.0,105
darren fletcher,4,0.0,513.0,1813
darwin daniel machís marcano,6,0.0,50.0,340
daryl janmaat,9,1.0,518.0,1570
dave gillett,2,0.0,21.0,94
david barral torres,6,0.0,55.0,267
david bentley,1,0.0,44.0,173
david dunn,2,0.0,100.0,414
david garcía santana,1,0.0,52.0,178
david joan butler,1,0.0,4.0,17
david josué jiménez silva,4,0.0,333.0,1202
david juncà reñé,1,0.0,134.0,397
david luiz moreira marinho,1,1.0,43.0,151
david lópez silva,3,2.0,167.0,608
david olatukunbo alaba,1,0.0,79.0,203
david prutton,1,0.0,39.0,167
david remeseiro salgueiro,3,0.0,62.0,293
david rodríguez lombán,3,0.0,136.0,435
david simón rodríguez santana,1,0.0,37.0,149
david villa sánchez,8,1.0,121.0,704
david zurutuza veillet,2,1.0,187.0,814
deanna cooper,1,0.0,177.0,532
dejan lovren,7,0.0,522.0,1583
dejan stefanovic,2,0.0,38.0,137
delphine cascarino,3,0.0,68.0,313
demarai gray,1,0.0,16.0,56
demi stokes,4,1.0,1378.0,4229
deneisha selena blackwood,2,0.0,75.0,280
denis cheryshev,8,1.0,131.0,633
denis irwin,3,0.0,134.0,358
denis suárez fernández,14,1.0,812.0,3105
dennis bergkamp,45,4.0,885.0,3687
desiree rose marie scott,1,0.0,117.0,365
desiree van lunteren,1,0.0,136.0,406
deyverson brum silva acosta,9,1.0,47.0,294
diafra sakho,11,2.0,97.0,731
didier yves drogba tébily,6,2.0,35.0,193
diego alberto milito,2,2.0,24.0,134
diego armando maradona,14,3.0,169.0,786
diego mario buonanotte rende,2,1.0,15.0,76
diego roberto godín leal,10,3.0,229.0,838
diego da silva costa,33,3.0,409.0,2280
dietmar hamann,2,1.0,75.0,285
dieumerci mbokani bezua,5,0.0,141.0,868
dimitar ivanov berbatov,2,0.0,12.0,38
dimitri foulquier,1,0.0,137.0,577
dimitri payet,21,3.0,468.0,1675
diogo ferreira salomão,1,1.0,27.0,113
diogo josé rosário gomes figueiras,1,0.0,76.0,279
dirk kuijt,2,1.0,26.0,152
divock okoth origi,10,3.0,85.0,580
djibril cissé,2,1.0,11.0,76
dmitriy alenichev,1,1.0,13.0,47
dominique bond-flasza,1,0.0,38.0,111
dominique bruinenberg,8,0.0,282.0,1126
dominique johanna anna petrone janssen,29,4.0,1190.0,3868
dorival guidoni júnior,3,0.0,89.0,332
drew spence,48,4.0,750.0,3012
duje čop,4,0.0,50.0,279
duncan watmore,10,1.0,98.0,755
dušan tadić,20,1.0,375.0,1558
dwight gayle,11,2.0,78.0,564
dwight yorke,2,0.0,71.0,350
débora cristiane de oliveira,6,0.0,56.0,313
dídac vilá rosselló,2,0.0,154.0,587
ebony salmon,24,5.0,121.0,972
eddy silvestre pascual i̇srafilov,1,0.0,19.0,73
eden hazard,21,2.0,801.0,3129
edgar antonio méndez ortega,4,0.0,104.0,565
edouard cissé,1,0.0,22.0,122
eduardo césar daude gaspar,25,2.0,967.0,3322
eduardo expósito jaén,1,0.0,51.0,224
eiður smári guðjohnsen,2,1.0,22.0,117
el-hadji baye oumar niasse,2,0.0,36.0,178
el-hadji ousseynou diouf,2,0.0,75.0,352
eliaquim mangala,5,1.0,248.0,832
elin ingrid johanna rubensson,5,1.0,103.0,375
elise bussaglia,3,0.0,107.0,338
elise hughes,8,0.0,159.0,1032
elise kellond-knight,2,0.0,90.0,275
elise thorsnes,1,0.0,14.0,63
eliseu pereira dos santos,1,0.0,20.0,105
elizabeth arnott,1,0.0,45.0,210
ella rutherford,27,2.0,369.0,2405
ella toone,18,1.0,192.0,885
ellen white,72,13.0,333.0,2377
ellie brazil,26,4.0,555.0,3095
ellie mason,20,3.0,386.0,1719
emi nakajima,4,0.0,84.0,311
emiliano adrián insúa zapata,2,0.0,82.0,251
emiliano buendía,1,0.0,73.0,356
emiliano daniel armenteros,1,0.0,20.0,91
emiliano daniel velázquez maldonado,2,0.0,66.0,268
emily donovan,6,1.0,180.0,1041
emily gielnik,1,0.0,26.0,122
emily louise van egmond,1,0.0,154.0,482
emily murphy,2,1.0,8.0,48
emily simpkins,8,0.0,233.0,998
emily syme,7,1.0,156.0,792
emma brownlie,2,0.0,174.0,550
emma follis,25,4.0,386.0,2037
emma mukandi,9,4.0,853.0,2465
emma rose kelly,2,0.0,40.0,210
emma stina blackstenius,3,0.0,17.0,99
emmanuel adebayor,6,1.0,130.0,602
emmanuel okyere boateng,2,0.0,8.0,56
emmanuel rivière,1,0.0,6.0,55
emre can,7,0.0,644.0,2260
emre çolak,3,0.0,31.0,148
endika guarrochenea arzubiaga,2,1.0,5.0,59
enes ünal,6,0.0,57.0,334
enis bardhi,6,0.0,107.0,426
enner remberto valencia lastra,8,2.0,81.0,582
enrique garcía martínez,4,0.0,39.0,265
enrique pérez muñoz,3,0.0,41.0,201
enzo nicolás pérez,1,0.0,130.0,533
enzo pablo roco roco,1,0.0,51.0,195
eric daniel djemba-djemba,1,0.0,19.0,103
eric dier,10,0.0,805.0,2513
erick cathriel cabaco almada,2,0.0,37.0,106
erik lamela,24,0.0,489.0,2051
erik pieters,5,0.0,636.0,1936
erin bloomfield,2,0.0,74.0,589
erin cuthbert,82,8.0,1206.0,5288
erin simon,1,0.0,796.0,2351
esme beth morgan,5,1.0,839.0,2321
esmee de graaf,3,1.0,280.0,966
esteban félix granero molina,4,0.0,228.0,906
esteban matías cambiasso delau,1,0.0,38.0,138
etienne capoue,7,0.0,414.0,1544
eugénie le sommer,10,2.0,94.0,409
eunan o''kane,2,0.0,136.0,476
eva sofia jakobsson,5,0.0,28.0,151
ezequiel marcelo garay,1,1.0,146.0,492
fabian delph,2,1.0,120.0,431
fabio borini,20,3.0,265.0,1314
fabián ariel orellana valenzuela,12,0.0,314.0,1396
fabricio coloccini,4,0.0,257.0,830
facundo sebastián roncaglia,1,0.0,40.0,133
fara williams,132,16.0,1447.0,5408
faustino marcos alberto rojo,1,0.0,211.0,586
fausto rossi,3,1.0,49.0,244
faye bryson,2,0.0,372.0,1202
fayçal fajr,8,0.0,150.0,609
federico fernández,4,0.0,418.0,1324
federico nicolás cartabia,6,0.0,43.0,219
federico piovaccari,2,0.0,18.0,108
federico santiago valverde dipetta,3,0.0,116.0,379
federico vico villegas,1,0.0,5.0,35
felicity gibbons,10,0.0,1383.0,4214
felipe augusto de almeida monteiro,2,0.0,33.0,138
felipe salvador caicedo corozo,3,0.0,99.0,610
fern whelan,5,0.0,257.0,834
fernando de napoli,1,0.0,48.0,149
fernando francisco reges,5,0.0,267.0,969
fernando josé torres sanz,8,1.0,65.0,477
fernando luiz rosa,8,1.0,465.0,1614
fernando morientes sánchez,1,0.0,28.0,128
fernando soriano marco,2,0.0,61.0,289
ferrán corominas telechea,1,0.0,26.0,194
filipe luís kasmirski,2,0.0,459.0,1477
filippo inzaghi,2,2.0,10.0,96
fiona brown,1,0.0,2.0,13
florence allen,1,0.0,176.0,576
florencia soledad jaimes,2,0.0,55.0,331
florian grégoire claude lejeune,2,0.0,36.0,140
florian thauvin,4,0.0,98.0,384
florin andone,6,0.0,34.0,268
francesc aday benítez caraballo,1,0.0,44.0,146
francesc fàbregas i soler,61,8.0,2996.0,9847
francesca kirby,65,7.0,481.0,2413
francis jeffers,2,0.0,8.0,43
francis joseph coquelin,4,0.0,445.0,1567
francisca alejandra lara lara,2,0.0,47.0,226
francisca ordega,3,0.0,58.0,366
francisco alcácer garcía,23,6.0,218.0,1126
francisco andrés silva gajardo,1,0.0,70.0,291
francisco josé beltrán peinado,3,0.0,81.0,263
francisco josé molinero calderón,1,0.0,23.0,89
francisco josé olivas alba,2,1.0,151.0,511
francisco manuel rico castro,3,1.0,129.0,472
francisco manuel vélez jiménez,1,0.0,14.0,64
francisco román alarcón suárez,10,0.0,493.0,1981
francisco salinas fernández,1,0.0,17.0,121
franck bilal ribéry,4,0.0,105.0,471
franck queudrue,1,0.0,53.0,152
franco damián vázquez,6,0.0,83.0,385
frank lampard,4,1.0,177.0,649
frankie brown,6,0.0,726.0,2920
franz beckenbauer,5,0.0,163.0,509
fredrik ljungberg,49,4.0,958.0,4199
fredy hinestroza arias,2,0.0,37.0,194
frenkie de jong,3,1.0,1363.0,4556
freya gregory,1,0.0,10.0,90
frida maanum,1,0.0,16.0,103
fridolina rolfö,8,1.0,65.0,273
frédéric oumar kanouté,4,0.0,24.0,151
fyodor smolov,3,1.0,10.0,61
fábio henrique tavares,1,0.0,23.0,94
gabriel appelt pires,5,1.0,74.0,379
gabriel armando de abreu,5,0.0,388.0,1229
gabriel fernández arenas,7,1.0,481.0,1689
gabriel imuetinyan agbonlahor,1,0.0,64.0,359
gabriel iván mercado,2,1.0,43.0,183
gabriel omar batistuta,3,1.0,28.0,164
gabrielle george,26,1.0,1319.0,4339
gabrielle onguene,2,1.0,27.0,271
gaelle enganamouit,3,0.0,19.0,146
gaku shibasaki,1,0.0,6.0,62
gareth barry,7,0.0,753.0,2423
gareth frank bale,30,4.0,272.0,1287
gareth mcauley,2,0.0,245.0,879
garry mendes rodrigues,4,0.0,44.0,285
gary cahill,12,1.0,454.0,1504
gary lineker,2,1.0,12.0,81
gary michael stevens,1,0.0,41.0,121
gary naysmith,1,0.0,83.0,219
gary o''neil,2,0.0,274.0,971
gary speed,1,0.0,58.0,182
gaël clichy,1,0.0,471.0,1519
gaël kakuta,2,0.0,76.0,370
gaëtane thiney,6,0.0,87.0,403
gemma bonner,30,4.0,2070.0,6083
gemma evans,4,1.0,889.0,3071
gemma suzanne davison,29,2.0,542.0,2719
geneviève ngo mbeleck,1,0.0,19.0,96
geoff cameron,8,0.0,403.0,1321
geoffrey kondogbia,1,0.0,84.0,331
georg schwarzenbeck,3,0.0,34.0,119
george boateng,1,0.0,92.0,405
georgia brougham,6,0.0,770.0,2397
georgia evans,5,0.0,399.0,1650
georgia stanway,106,15.0,983.0,4570
georgia wilson,2,0.0,66.0,390
georginio wijnaldum,19,2.0,495.0,1984
gerard deulofeu lázaro,4,2.0,241.0,969
gerard moreno balaguero,7,1.0,151.0,766
gerard piqué bernabéu,84,11.0,10346.0,31117
gerd kische,1,0.0,21.0,87
gerhard müller,4,0.0,16.0,89
germán alejandro pezzella,2,0.0,61.0,234
germán sánchez barahona,1,0.0,34.0,125
gerrie mühren,6,0.0,48.0,195
geum-min lee,9,1.0,109.0,551
geyse da silva ferreira,1,0.0,7.0,39
giancarlo marocchi,2,0.0,74.0,272
gianfranco bedin,4,0.0,42.0,155
gilbert gianelli imbula wanga,3,0.0,296.0,1155
gilberto aparecido da silva,31,4.0,1602.0,5647
gilly louise scarlett flaherty,23,1.0,1457.0,4270
giorgio chinaglia,3,1.0,39.0,150
giovani lo celso,6,1.0,74.0,317
giovani dos santos ramírez,2,0.0,45.0,195
giovanni francini,2,0.0,48.0,181
giulia gwinn,4,1.0,135.0,520
giuseppe rossi,1,0.0,25.0,155
glen johnson,9,0.0,430.0,1363
glenn hoddle,2,0.0,47.0,158
glenn murray,2,1.0,20.0,194
glenn whelan,1,0.0,703.0,2201
gnégnéri yaya touré,21,1.0,424.0,1472
gonzalo castro irizábal,2,0.0,66.0,296
gonzalo escalante,8,0.0,171.0,762
gonzalo gerardo higuaín,3,0.0,15.0,98
gonzalo julián melero manzanares,3,0.0,112.0,433
goran pandev,1,0.0,24.0,132
graeme le saux,4,0.0,34.0,136
graham dorrans,3,0.0,182.0,684
graham stuart,3,0.0,96.0,324
graziano pellè,33,6.0,324.0,1481
griedge mbock bathy nka,1,0.0,174.0,526
grzegorz krychowiak,1,0.0,55.0,282
guangtai jiang,1,0.0,53.0,151
guido marcelo carrillo,1,0.0,13.0,69
guilherme antonio arana lopes,1,0.0,49.0,147
guilherme magdalena siqueira,2,0.0,44.0,158
guro reiten,32,6.0,614.0,2510
gylfi þór sigurðsson,28,4.0,458.0,1764
"gérémi sorele n""djitap fotso",3,0.0,98.0,394
gökhan i̇nler,1,0.0,46.0,173
günter netzer,1,0.0,22.0,75
halimatu ibrahim ayinde,2,0.0,49.0,202
hamit altıntop,3,0.0,31.0,145
hanna erica maria glas,2,0.0,142.0,427
hannah cain,34,2.0,269.0,1785
hannah godfrey,6,0.0,676.0,2162
hannah jayne blundell,18,2.0,1182.0,3528
hannah short,6,0.0,388.0,1350
hans dorfner,1,0.0,75.0,252
hans-jürgen kreische,1,0.0,34.0,128
hansi flick,2,0.0,50.0,160
harald irmscher,1,0.0,24.0,77
haris medunjanin,4,0.0,48.0,184
haris seferović,2,0.0,24.0,130
harold michael ''mike' england,2,0.0,30.0,126
harriet scott,13,0.0,1104.0,3549
harry arter,11,1.0,394.0,1588
harry kane,59,10.0,359.0,2002
harry kewell,7,1.0,118.0,493
havana solaun,2,0.0,49.0,245
hayley emma raso,1,0.0,26.0,163
hayley ladd,27,2.0,1265.0,4658
hayley lauder,1,0.0,63.0,180
heather payne,3,0.0,69.0,396
heinz flohe,3,0.0,27.0,136
henri camara,1,0.0,29.0,168
henriette akaba,1,0.0,12.0,68
henrik pedersen,1,1.0,25.0,143
hermann hreidarsson,2,0.0,91.0,300
hernán arsenio pérez gonzález,4,0.0,88.0,442
hernán jorge crespo,6,3.0,32.0,191
hernâni jorge santos fortes,2,0.0,12.0,47
heung-min son,17,2.0,163.0,801
hina sugita,4,0.0,126.0,458
hugo mallo novegil,5,0.0,375.0,1293
hye-ri kim,1,0.0,93.0,305
héctor adolfo enrique,3,0.0,37.0,147
héctor bellerín moruno,5,0.0,557.0,1731
héctor junior firpo adames,5,1.0,796.0,2518
héctor miguel herrera lópez,1,0.0,56.0,198
hélder filipe oliveira lopes,2,0.0,92.0,319
hélder manuel marques postiga,5,0.0,12.0,139
iago aspas juncal,15,3.0,161.0,772
iago falqué silva,2,0.0,38.0,153
ian harte,2,0.0,54.0,164
ibai gómez pérez,4,1.0,76.0,320
ibrahim afellay,14,0.0,571.0,1957
iddrisu baba mohammed,1,0.0,45.0,185
idrissa gana gueye,5,0.0,548.0,2071
ignacio camacho barnola,3,0.0,133.0,508
ignacio cases mora,1,0.0,57.0,233
ignacio monreal eraso,6,0.0,706.0,2061
ikechi anya,1,0.0,197.0,693
iker muniain goñi,2,0.0,184.0,780
ilaria mauro,1,0.0,9.0,72
imanol agirretxe arruti,1,0.0,47.0,238
inessa kaagman,58,5.0,886.0,3926
ingrid moe wold,1,0.0,113.0,338
ingrid syrstad engen,1,0.0,138.0,478
iniabasi anefiok umotong,52,3.0,407.0,2835
ioan viorel ganea,3,1.0,21.0,213
irene paredes hernandez,2,0.0,203.0,582
isaac ajayi success,2,0.0,40.0,287
isabell herlovsen,3,1.0,47.0,321
ivan gennaro gattuso,1,0.0,133.0,495
ivan rakitić,169,24.0,8871.0,28817
ivan ricardo neves abreu cavaleiro,2,0.0,38.0,209
ivica olić,4,0.0,23.0,131
iván campo ramos,2,1.0,69.0,280
iván lópez álvarez,1,0.0,16.0,94
iván ramis barrios,2,0.0,65.0,234
iñaki williams arthuer,14,0.0,112.0,682
iñigo pérez soto,1,0.0,26.0,106
jaap stam,2,0.0,97.0,260
jacinta galabadaarachchi,9,0.0,132.0,772
jack colback,8,0.0,381.0,1349
jack frank porteous cork,5,1.0,413.0,1402
jack grealish,7,0.0,125.0,589
jack rodwell,11,0.0,193.0,701
jack wilshere,1,0.0,46.0,204
jackie groenen,16,0.0,496.0,2287
jackson arley martínez valencia,1,0.0,9.0,43
jade bailey,15,0.0,729.0,2570
jade moore,40,5.0,1030.0,3925
jaime mata arnaiz,2,1.0,41.0,275
jair da costa,1,0.0,13.0,64
jakub błaszczykowski,3,0.0,35.0,139
jamaal lascelles,2,1.0,165.0,506
james collins,2,0.0,170.0,554
james david rodríguez rubio,11,1.0,92.0,372
james gillen robertson,3,1.0,37.0,142
james mcarthur,6,0.0,351.0,1257
james mccarthy,5,1.0,501.0,1734
james mcclean,14,1.0,237.0,1081
james morrison,8,2.0,183.0,625
james philip milner,18,2.0,766.0,2837
james scowcroft,1,0.0,68.0,280
james tomkins,5,0.0,294.0,863
james ward-prowse,9,0.0,257.0,838
jamie redknapp,3,1.0,60.0,221
jamie vardy,32,5.0,241.0,1490
jan kirchhoff,1,0.0,122.0,472
jan vertonghen,4,0.0,641.0,1887
jane ross,49,8.0,711.0,3641
janine elizabeth beckie,47,1.0,1027.0,3781
janine van wyk,1,0.0,107.0,388
janni arnth-jensen,3,1.0,199.0,588
jasmine matthews,4,0.0,844.0,2748
jason joseph euell,2,0.0,10.0,99
jason puncheon,25,2.0,526.0,2032
jason roberts,1,0.0,5.0,38
javier alejandro mascherano,18,1.0,6371.0,19508
javier eraso goñi,4,0.0,70.0,487
javier espinosa gonzález,2,0.0,43.0,174
javier fuego martínez,1,0.0,210.0,842
javier guerra rodríguez,5,1.0,56.0,330
javier hernández balcázar,2,0.0,23.0,131
javier lara grande,3,0.0,61.0,265
javier lópez rodríguez,1,0.0,264.0,896
javier martínez aginaga,2,0.0,46.0,139
javier márquez moreno,7,0.0,68.0,356
javier ontiveros parra,1,0.0,32.0,129
javier sánchez de felipe,1,0.0,28.0,91
jay rodriguez,1,0.0,17.0,111
jean-sylvain claude babin,3,0.0,75.0,248
jeannette yango,2,0.0,65.0,291
jefferson andrés lerma solís,4,0.0,49.0,241
jefferson antonio montero vite,9,0.0,214.0,1046
jeffrey schlupp,2,0.0,162.0,578
jemma elizabeth purfield,1,0.0,247.0,726
jennifer hermoso fuentes,16,2.0,211.0,782
jennifer patricia beattie,18,1.0,2257.0,6512
jeremain lens,11,1.0,206.0,1030
jeremie boga,1,0.0,6.0,37
jermain defoe,39,7.0,184.0,1365
jermaine pennant,3,0.0,122.0,509
jerónimo figueroa cabrera,4,0.0,91.0,340
jesse lingard,6,2.0,135.0,623
jessica anne clarke,28,1.0,347.0,2162
jessica carter,2,1.0,595.0,1744
jessica mcdonald,2,0.0,13.0,65
jessica park,1,0.0,13.0,78
jessica sigsworth,11,2.0,160.0,1098
jessie alexandra fleming,1,1.0,119.0,467
jesé rodríguez ruiz,4,0.0,64.0,307
jesús navas gonzález,5,1.0,490.0,1654
jesús rueda ambrosio,1,0.0,12.0,44
ji-sung park,1,0.0,55.0,266
jihai sun,1,0.0,100.0,288
jill roord,22,3.0,533.0,2174
jill scott,35,0.0,1572.0,6100
jimmy mcalister,1,0.0,34.0,136
joan jordán moreno,3,0.0,212.0,727
joan sastre vanrell,1,0.0,58.0,235
joan verdú fernández,1,0.0,72.0,256
joaquín fernández moreno,1,0.0,102.0,349
joaquín josé marín ruiz,1,0.0,52.0,160
joaquín oscar larrivey,7,1.0,52.0,271
joaquín sánchez rodríguez,3,1.0,136.0,514
jocky scott,4,0.0,43.0,180
jodie brett,7,1.0,188.0,707
jodie taylor,4,1.0,14.0,92
jody craddock,1,0.0,33.0,109
joe allen,5,0.0,133.0,627
joe cole,1,0.0,22.0,84
joe gomez,1,0.0,221.0,682
joel nathaniel campbell samuels,7,2.0,89.0,419
joel ward,9,1.0,543.0,1687
joey barton,2,0.0,103.0,332
johan cruyff,4,2.0,36.0,188
johan neeskens,2,0.0,51.0,190
john arne semundseth riise,9,0.0,204.0,664
john guidetti,3,2.0,48.0,275
john michael nchekwube obinna,4,0.0,575.0,1916
john o''shea,5,0.0,486.0,1447
john stones,3,0.0,541.0,1660
john terry,4,0.0,424.0,1107
johnnie jackson,1,0.0,20.0,79
joleon lescott,4,0.0,425.0,1297
jon aurtenetxe borde,1,0.0,113.0,392
jon dahl tomasson,1,1.0,8.0,43
jon errasti zabalete,1,0.0,28.0,172
jon moncayola tollar,3,0.0,16.0,97
jonas olsson,1,0.0,222.0,618
jonatan lillebror johansson,3,0.0,19.0,140
jonathan calleri,1,0.0,21.0,142
jonathan castro otto,1,0.0,213.0,770
jonathan douglas,1,0.0,17.0,104
jonathan grant evans,1,0.0,272.0,817
jonathan howson,7,1.0,369.0,1473
jonathan javier rodríguez portillo,3,0.0,11.0,80
jonathan rodríguez menéndez,2,1.0,50.0,307
jonathan viera ramos,10,1.0,204.0,846
jonathan walters,13,2.0,204.0,946
jonathan dos santos ramírez,3,0.0,123.0,551
jonathas cristian de jesus,1,0.0,62.0,357
jonhatan montiel caballero,1,0.0,6.0,45
jonjo shelvey,13,1.0,550.0,1665
jonna ann-charlotte andersson,26,0.0,1999.0,5715
jonás manuel gutiérrez,1,0.0,8.0,43
jordan ayew,25,3.0,294.0,1718
jordan brian henderson,9,0.0,404.0,1357
jordan nobbs,65,13.0,1071.0,4199
jordan veretout,6,0.0,225.0,788
jordi alba ramos,44,5.0,10611.0,31258
jordi amat maas,2,0.0,90.0,298
jordon ibe,10,1.0,184.0,845
jordon mutch,5,0.0,136.0,533
jordy clasie,5,0.0,248.0,794
jorge andújar moreno,7,0.0,160.0,582
jorge franco alviz,1,0.0,44.0,204
jorge luis burruchaga,1,0.0,50.0,178
jorge molina vidal,10,1.0,85.0,449
jorge resurrección merodio,9,1.0,643.0,2380
josanne potter,11,1.0,1514.0,4288
josep señé escudero,1,0.0,39.0,193
joseph phillip yobo,1,0.0,28.0,98
josh onomah,1,0.0,17.0,61
joshua king,18,2.0,131.0,1021
josie green,12,0.0,404.0,1807
josé andrés guardado hernández,1,0.0,112.0,371
josé antonio caro martínez,2,0.0,33.0,99
josé antonio delgado villar,3,0.0,98.0,407
josé antonio garcía rabasco,3,0.0,189.0,668
josé antonio reyes calderón,23,2.0,274.0,1441
josé antonio rodríguez díaz,2,0.0,25.0,169
josé eduardo albácar gallego,1,0.0,69.0,208
josé ernesto sosa,1,0.0,27.0,140
josé holebas,4,0.0,89.0,279
josé ignacio fernández iglesias,1,0.0,85.0,248
josé ignacio martínez garcía,4,0.0,177.0,584
josé leonardo ulloa,13,1.0,162.0,917
josé luis cuciuffo,1,0.0,35.0,102
josé luis garcía del pozo,5,0.0,193.0,813
josé luis gayà peña,2,0.0,186.0,660
josé luis morales nogales,8,0.0,136.0,715
josé luis sanmartín mato,15,4.0,173.0,887
josé manuel arnáiz díaz,2,1.0,13.0,92
josé manuel jurado marín,12,0.0,341.0,1354
josé maría giménez de vargas,4,0.0,82.0,347
josé miguel da rocha fonte,8,0.0,514.0,1565
josé ramiro funes mori,6,0.0,437.0,1341
josé ramón alexanko ventosa,4,0.0,52.0,152
josé rodríguez martínez,1,0.0,25.0,97
josé salomón rondón giménez,29,4.0,200.0,1374
josé verdú nicolás,1,0.0,8.0,46
josé ángel gómez campaña,7,1.0,226.0,776
josé ángel pozo la rosa,1,0.0,17.0,83
josé ángel valdés díaz,4,0.0,256.0,791
joão félix sequeira,3,0.0,22.0,128
joão miranda de souza filho,3,0.0,71.0,222
juan antonio rodríguez villamuela,1,0.0,74.0,298
juan camilo hernández suárez,4,1.0,42.0,211
juan carlos paredes reasco,1,0.0,155.0,488
juan carlos pérez lópez,3,0.0,138.0,500
juan carlos pérez rojo,1,0.0,17.0,105
juan domínguez lamas,2,0.0,66.0,342
juan francisco moreno fuertes,4,0.0,213.0,760
juan francisco torres belén,2,0.0,304.0,971
juan guillermo cuadrado bello,1,0.0,14.0,68
juan isaac cuenca lópez,1,0.0,78.0,325
juan manuel iturbe arévalo,1,0.0,10.0,63
juan manuel mata garcía,22,2.0,551.0,1998
juan manuel vargas risco,1,0.0,55.0,150
juan miguel jiménez lópez,6,2.0,80.0,466
juan pablo añor acosta,5,1.0,75.0,452
juan pablo ángel arango,9,0.0,61.0,329
juan pedro ramírez lópez,1,0.0,72.0,244
juan torres ruiz,1,0.0,19.0,59
juan ángel albín leites,1,0.0,4.0,30
jules koundé,1,0.0,40.0,125
julia simic,14,2.0,539.0,2054
julian schieber,1,0.0,1.0,10
julie beth ertz,5,1.0,70.0,252
julie biesmans,8,0.0,491.0,1993
julien rodriguez,1,0.0,35.0,92
juliette kemppi,7,1.0,155.0,983
jun endo,2,0.0,46.0,182
junichi inamoto,1,0.0,62.0,284
junior stanislas,17,0.0,257.0,1132
jérémie aliadière,7,0.0,65.0,445
jérémy mathieu,19,3.0,2629.0,7688
jérôme boateng,1,0.0,100.0,292
jörg heinrich,1,0.0,45.0,152
júnior wakalibille lago,1,0.0,10.0,62
jürgen grabowski,2,0.0,33.0,127
jürgen sparwasser,2,1.0,23.0,94
kadeisha buchanan,2,1.0,123.0,366
kadidiatou diani,7,0.0,55.0,312
kalu uche,1,0.0,14.0,66
kanjana sungngoen,3,1.0,42.0,253
karen araya,3,0.0,68.0,292
karen julia carney,18,1.0,497.0,1921
karim benzema,39,5.0,411.0,1867
karina sævik,3,0.0,32.0,198
karl brillant toko ekambi,4,1.0,18.0,139
kate longhurst,26,2.0,1057.0,4065
kate natkiel,19,0.0,330.0,1532
katharina baunach,8,3.0,631.0,1780
kathrin julia hendrich,1,0.0,79.0,238
katie mccabe,52,5.0,1747.0,5869
katie robinson,4,0.0,71.0,586
katie rood,1,1.0,26.0,178
katie zelem,23,5.0,698.0,2242
katrina gorry,1,0.0,7.0,37
katrine veje,5,0.0,444.0,1341
kayleigh green,49,4.0,1039.0,5318
keira walsh,23,3.0,2256.0,7696
kelechi promise iheanacho,1,0.0,27.0,121
kenny miller,3,0.0,54.0,245
kenny sansom,1,0.0,60.0,175
kenza dali,23,2.0,560.0,2267
kerys harrop,17,3.0,1498.0,4622
kevin cyril davies,7,0.0,56.0,319
kevin de bruyne,14,4.0,395.0,1433
kevin gameiro,8,2.0,114.0,698
kevin großkreutz,1,0.0,20.0,93
kevin linford stewart,3,0.0,224.0,792
kevin mbabu,1,0.0,53.0,207
kevin mirallas,13,1.0,107.0,478
kevin nolan,4,0.0,42.0,221
kevin phillips,3,0.0,51.0,325
kevin toner,2,0.0,112.0,354
kevin wimmer,1,0.0,276.0,779
kevin-prince boateng,8,0.0,63.0,341
khadija monifa shaw,5,0.0,47.0,334
kholosa biyana,2,0.0,101.0,431
kieran richardson,2,0.0,96.0,296
kieran trippier,2,1.0,286.0,763
kika van es,1,0.0,472.0,1409
kim little,42,13.0,1623.0,5787
kirsty barton,7,0.0,1224.0,3420
kirsty hanson,15,3.0,132.0,901
kirsty linnett,27,1.0,398.0,2551
kirsty smith,2,0.0,442.0,1309
kirstyn pearce,7,1.0,989.0,3021
kit graham,42,3.0,298.0,1663
klara bühl,4,0.0,32.0,207
klaus augenthaler,2,0.0,75.0,245
kléper laveran lima ferreira,1,1.0,179.0,569
kolo habib touré,17,1.0,1719.0,5322
kosovare asllani,8,2.0,110.0,451
kristine leine,4,1.0,573.0,1795
kumi yokoyama,1,0.0,17.0,103
kurt happy zouma,8,0.0,370.0,1140
kyle bartley,2,0.0,131.0,432
kyle naughton,2,0.0,610.0,1828
kyle walker,8,0.0,615.0,1857
lamine koné,6,2.0,112.0,366
lamine sakho,2,0.0,24.0,107
lana clelland,1,1.0,2.0,20
laura coombs,28,0.0,825.0,3308
laura rafferty,4,1.0,455.0,1481
laura vetterlein,3,1.0,587.0,1893
laureano bisan-etame mayer,7,0.0,1914.0,5666
lauren bruton,24,3.0,443.0,2367
lauren hemp,47,7.0,588.0,3126
lauren james,31,6.0,179.0,1301
laurent koscielny,6,2.0,367.0,1155
laurent robert,6,1.0,71.0,253
lea schüller,1,0.0,13.0,71
leah galton,29,4.0,344.0,1738
leah williamson,16,2.0,2522.0,7295
leandra little,5,0.0,139.0,497
leandro bacuna,9,0.0,451.0,1522
leandro daniel cabrera sasía,1,0.0,72.0,213
leanne kiernan,26,3.0,351.0,2194
ledley king,1,0.0,64.0,231
lee carsley,1,0.0,31.0,86
lee cattermole,3,0.0,441.0,1517
lee hendrie,1,0.0,77.0,297
lee naylor,2,0.0,97.0,267
lee tomlin,2,0.0,46.0,217
lei wu,3,1.0,11.0,74
leigh-anne robe,5,0.0,1423.0,4322
leighton baines,3,1.0,474.0,1390
leila ouahabi el ouahabi,1,0.0,64.0,185
leon osman,1,0.0,31.0,108
leonardo carrilho baptistão,6,0.0,94.0,525
leonie maier,7,0.0,557.0,1715
leroy fer,2,0.0,108.0,420
leslie ferdinand,1,0.0,20.0,126
letícia santos de oliveira,1,0.0,81.0,279
lewis grabban,5,1.0,102.0,546
li yang,5,0.0,26.0,206
lia wälti,10,0.0,1291.0,4418
libor kozák,3,0.0,44.0,275
lieke martens,3,0.0,91.0,428
lina magull,5,1.0,77.0,333
lina mona andréa hurtig,8,1.0,45.0,227
linda brigitta sembrant,2,1.0,134.0,405
lindsey michelle horan,7,1.0,141.0,454
lineth beerensteyn,2,0.0,9.0,55
lionel andrés messi cuccittini,974,194.0,11527.0,45364
lisa boattin,1,0.0,19.0,58
lisa evans,23,3.0,1889.0,5962
lisa-marie utland,7,2.0,117.0,695
loren dykes,2,0.0,969.0,2915
lorenzo jesús morón garcía,7,1.0,27.0,175
lothar kurbjuweit,3,0.0,19.0,83
louis saha,3,1.0,26.0,176
louise quinn,15,1.0,1338.0,4061
loïc rémy,11,1.0,73.0,379
luana bertolucci paixão,2,0.0,13.0,67
luca sangalli fuentes,2,0.0,28.0,114
lucas ariel ocampos,6,0.0,49.0,271
lucas digne,5,0.0,839.0,2526
lucas neill,1,0.0,124.0,384
lucas pérez martínez,10,2.0,149.0,675
lucas rené olaza catrofe,2,1.0,54.0,158
lucas rodrigues moura da silva,2,0.0,5.0,34
lucas vázquez iglesias,3,1.0,84.0,594
luciano vietto,8,1.0,81.0,392
lucienne reichardt,8,0.0,275.0,966
lucimar da silva ferreira,1,0.0,18.0,73
lucy hope,63,11.0,1074.0,5040
lucy quinn,22,3.0,362.0,1882
lucy staniforth,69,3.0,1493.0,5547
lucy whipp,6,1.0,310.0,1446
lucía garcía córdoba,5,1.0,67.0,349
ludmila da silva,3,0.0,12.0,114
ludwig kögl,3,0.0,34.0,146
luigi de agostini,1,0.0,69.0,234
luis alberto romero alconchel,2,0.0,15.0,76
luis alberto suárez díaz,469,106.0,4007.0,18898
luis carlos correia pinto,1,0.0,91.0,331
luis eduardo delgado pacheco,2,0.0,51.0,231
luis ezequiel ávila,1,0.0,9.0,33
luis fernando muriel fruto,2,1.0,2.0,28
luis javier garcía sanz,2,0.0,34.0,203
luis jesús rioja gonzález,1,0.0,30.0,126
luka modrić,12,0.0,740.0,2616
luuk de jong,4,0.0,38.0,177
luís boa morte pereira,2,0.0,23.0,178
luís carlos almeida da cunha,3,0.0,34.0,212
léa le garrec,36,1.0,474.0,2275
léandre griffit,1,0.0,20.0,99
madelen fatimma maria janogy,5,1.0,14.0,113
magdalena lilly eriksson,45,3.0,2348.0,6718
maicon douglas sisenando,1,0.0,32.0,117
malcom filipe silva de oliveira,9,1.0,227.0,886
mallory pugh,4,1.0,59.0,262
mamadou koné,2,0.0,18.0,123
mamadou sakho,1,0.0,259.0,774
mame biram diouf,7,1.0,63.0,453
mamello makhabane,1,0.0,89.0,345
mana iwabuchi,3,1.0,39.0,236
manuel agudo durán,13,1.0,156.0,794
manuel alejandro garcía sánchez,2,0.0,76.0,354
manuel jesús ortiz toribio,1,0.0,29.0,90
manuel jesús vázquez florido,2,0.0,3.0,49
manuel lanzini,15,2.0,305.0,1215
manuel neuer,1,1.0,66.0,174
manuel onwu villafranca,1,0.0,16.0,124
manuel rolando iturra urrutia,1,0.0,104.0,492
manuel trigueros muñoz,8,0.0,227.0,907
manuel del moral fernández,1,0.0,19.0,104
manuela giugliano,2,0.0,78.0,300
marc albrighton,16,0.0,439.0,1772
marc bartra aregall,22,4.0,1964.0,6133
marc cucurella saseta,3,1.0,85.0,393
marc muniesa martínez,3,0.0,311.0,1032
marc pugh,5,2.0,131.0,653
marc roca junqué,3,0.0,196.0,703
marcelo vieira da silva júnior,11,2.0,686.0,2243
marco asensio willemsen,5,1.0,107.0,543
marco reus,1,0.0,42.0,167
marco van ginkel,2,0.0,141.0,519
marcos alonso peña,2,0.0,29.0,156
marcos evangelista de moraes,1,0.0,94.0,273
marcos llorente moreno,4,0.0,82.0,399
marcus allbäck,2,0.0,17.0,117
marcus bent,2,0.0,53.0,273
marcus rashford,1,0.0,19.0,107
maren nævdal mjelde,23,4.0,1372.0,4249
maria thorisdottir,3,1.0,296.0,950
mariana valeria larroquette,2,0.0,9.0,68
mariano díaz mejía,1,1.0,2.0,16
mariela del carmen coronel,1,0.0,5.0,22
marina hegering,4,0.0,150.0,484
mario bermejo castanedo,1,0.0,5.0,41
mario bertini,1,0.0,26.0,96
mario frustalupi,1,0.0,33.0,102
mario gaspar pérez martínez,6,0.0,277.0,968
mario gómez garcía,6,1.0,18.0,124
mario hermoso canseco,1,0.0,64.0,215
mario mandžukić,6,2.0,66.0,290
mario melchiot,1,0.0,85.0,283
mario pašalić,2,0.0,56.0,269
mario suárez mata,3,0.0,256.0,868
marion torrent,1,0.0,117.0,335
marisa ewers,5,0.0,233.0,821
mark kennedy,2,0.0,65.0,245
mark kinsella,1,0.0,30.0,93
mark noble,8,3.0,541.0,1789
mark pembridge,2,0.0,18.0,87
mark viduka,1,0.0,28.0,151
mark van bommel,4,0.0,79.0,273
markel bergara larrañaga,2,0.0,104.0,398
markel susaeta laskurain,8,1.0,192.0,920
marko arnautović,27,2.0,362.0,1636
marko rog,1,0.0,29.0,140
markus babbel,1,0.0,59.0,194
marouane chamakh,1,0.0,21.0,108
marouane fellaini-bakkioui,8,0.0,216.0,861
marta corredera rueda,6,0.0,183.0,583
marta torrejón moya,3,0.0,120.0,325
marta vieira da silva,1,1.0,26.0,111
martha harris,5,0.0,472.0,1369
martha thomas,25,4.0,235.0,1377
martin andresen,1,0.0,51.0,180
martin braithwaite christensen,16,2.0,153.0,759
martin keown,1,0.0,132.0,350
martin olsson,1,0.0,215.0,663
martin ødegaard,6,0.0,119.0,434
martin škrtel,4,0.0,651.0,1938
martín maximiliano mantovani,1,0.0,16.0,72
martín montoya torralbo,3,0.0,890.0,2909
marvin emnes,1,0.0,2.0,16
maría florencia bonsegundo,2,0.0,52.0,294
maría francesca caldentey oliver,6,0.0,130.0,541
maría josé urrutia,1,0.0,31.0,190
maría pilar león cebrián,1,0.0,185.0,565
maría victoria losada gómez,1,0.0,36.0,141
massadio haïdara,1,0.0,55.0,164
massimo crippa,3,0.0,48.0,197
massimo maccarone,1,1.0,10.0,61
mateo ezequiel garcía,1,0.0,4.0,35
mateo kovačić,1,0.0,49.0,198
mateo pablo musacchio,1,0.0,71.0,302
mathieu flamini,1,0.0,98.0,356
matilde lundorf skovsen,7,0.0,275.0,982
mats hummels,1,0.0,48.0,148
matt holland,1,0.0,91.0,295
matt jansen,2,0.0,21.0,97
matt jarvis,3,0.0,117.0,511
matt ritchie,22,0.0,453.0,1758
matt targett,1,0.0,119.0,370
matteo darmian,2,0.0,367.0,1106
matthew pennington,2,0.0,158.0,496
matthew upson,2,0.0,82.0,223
matías ezequiel vargas martín,1,0.0,15.0,86
mauricio lemos merladet,1,0.0,81.0,280
mauricio taricco,1,0.0,110.0,282
mauro bellugi,1,0.0,38.0,135
mauro matías zárate,6,1.0,43.0,212
mauro wilney arambarri rosa,4,0.0,66.0,401
max-alain gradel,4,1.0,114.0,550
maximiliano gómez gonzález,7,2.0,35.0,200
maya le tissier,2,0.0,378.0,1281
mayumi pacheco,6,0.0,1048.0,3209
maéva clemaron,5,0.0,468.0,1702
meaghan sargeant,16,3.0,1392.0,4222
megan alexander,4,1.0,646.0,1908
megan anna rapinoe,2,1.0,87.0,271
megan campbell,1,0.0,352.0,1041
megan connolly,14,2.0,384.0,1656
megan finnigan,15,0.0,1163.0,3724
megan wynne,1,0.0,35.0,219
melanie leupolz,3,1.0,116.0,405
melissa lawley,28,1.0,489.0,2702
memphis depay,17,1.0,219.0,939
merel van dongen,1,0.0,32.0,81
mesut özil,13,1.0,668.0,2184
mi-na lee,4,0.0,57.0,224
mi-ra moon,6,0.0,39.0,205
micah richards,3,0.0,200.0,660
michael bridges,2,0.0,22.0,89
michael carrick,1,0.0,630.0,1929
michael krohn-dehli,3,0.0,108.0,411
michael laudrup,5,0.0,66.0,276
michael lennart svensson,1,0.0,61.0,187
michael owen,7,1.0,14.0,117
michael tarnat,4,0.0,109.0,271
michail antonio,11,2.0,141.0,776
michaël pereira,1,1.0,24.0,108
michy batshuayi tunga,3,0.0,26.0,127
micky cave,4,0.0,22.0,101
miguel filipe nunes cardoso,3,0.0,9.0,46
miguel de andrés,1,0.0,16.0,79
miguel ángel britos cabrera,1,0.0,220.0,655
miguel ángel garcía pérez roldán,1,0.0,77.0,222
miguel ángel guerrero martín,5,0.0,57.0,333
mikael forssell,1,0.0,15.0,121
mikel arteta amatriain,1,0.0,19.0,67
mikel balenziaga oruesagasti,3,0.0,315.0,1052
mikel gonzález de martín martínez,2,0.0,69.0,268
mikel merino zazón,4,0.0,186.0,733
mikel oyarzabal ugarte,17,2.0,195.0,998
mikel rico moreno,3,1.0,70.0,266
mikel san josé domínguez,3,0.0,178.0,614
milan baroš,1,0.0,19.0,159
mile jedinak,6,0.0,386.0,1265
millie bright,42,2.0,2128.0,6351
millie laura farrow,11,2.0,94.0,676
millie turner,7,0.0,671.0,2066
min-ji yeo,9,1.0,46.0,264
miralem pjanić,3,0.0,51.0,170
mireya grey,2,0.0,23.0,107
missy bo kearns,1,0.0,4.0,37
modou barrow,3,1.0,102.0,577
mohamed naser elsayed elneny,7,0.0,280.0,923
mohamed salah,8,1.0,28.0,197
moisés gómez bordonado,3,0.0,109.0,416
molly bartrip,6,0.0,525.0,1665
molly pike,10,1.0,159.0,773
monica hickmann alves,2,0.0,111.0,329
moreno torricelli,1,0.0,40.0,137
morgan paige gautrat,1,0.0,51.0,168
morgan schneiderlin,2,0.0,410.0,1317
moritz volz,2,0.0,111.0,368
mousa sidi yaya dembélé,10,2.0,583.0,2123
moussa sissoko,13,1.0,565.0,2256
mubarak wakaso,4,0.0,107.0,518
muhamed bešić,1,0.0,96.0,346
munir el haddadi mohamed,37,7.0,482.0,2189
n''golo kanté,9,0.0,484.0,1932
nabil el zhar,5,1.0,94.0,470
nabil fekir,3,1.0,17.0,119
nabil ghilas,2,0.0,45.0,250
nacer chadli,10,0.0,105.0,456
nadia nadim,7,0.0,44.0,287
nahikari garcía pérez,6,0.0,47.0,283
narumi miura,1,0.0,111.0,379
natasha harding,13,1.0,1161.0,3643
nathan aké,4,1.0,267.0,809
nathan redmond,9,1.0,298.0,1283
nathaniel edwin clyne,11,0.0,809.0,2451
neil taylor,4,0.0,594.0,1772
nelsi morais,1,0.0,45.0,140
nemanja maksimović,1,0.0,44.0,277
nemanja matić,14,0.0,787.0,2697
nemanja radoja,1,1.0,178.0,707
neymar da silva santos junior,299,50.0,5215.0,22519
ngozi sonia okobi,2,0.0,87.0,405
niamh charles,28,2.0,459.0,2865
niamh fahey,11,0.0,997.0,3298
nichelle patrice prince,7,1.0,49.0,278
nick chadwick,1,0.0,19.0,117
nicky hunt,1,0.0,70.0,234
nicola cousins,8,0.0,313.0,1218
nicola sansone,3,1.0,15.0,154
nicolas anelka,9,1.0,54.0,286
nicolás hernán otamendi,10,0.0,433.0,1432
nicolás martín pareja,1,0.0,131.0,432
nigel quashie,2,0.0,59.0,282
nikica jelavić,6,0.0,29.0,176
nikita parris,80,20.0,585.0,3307
nilla fischer,1,0.0,175.0,499
noko matlou,1,0.0,94.0,369
norbert nachtweih,1,0.0,63.0,194
nordin amrabat,4,0.0,137.0,765
nothando vilakazi,2,0.0,75.0,256
nwankwo christian kanu,10,1.0,194.0,887
nélson cabral semedo,12,2.0,2587.0,8428
néstor alejandro araújo razo,1,0.0,102.0,320
odion jude ighalo,31,5.0,201.0,1459
ola toivonen,5,0.0,143.0,499
olaf thon,2,0.0,50.0,170
ole gunnar solskjær,2,0.0,21.0,92
olivia alma charlotta schough,2,0.0,19.0,74
olivia chance,14,0.0,351.0,1444
olivia fergusson,26,1.0,196.0,1894
olivier bernard,3,1.0,74.0,237
olivier giroud,24,5.0,177.0,924
olof mellberg,2,0.0,74.0,223
olufolasade adamolekun,1,0.0,25.0,126
oluwaseyi babajide ojo,4,0.0,82.0,450
omar mascarell gonzález,1,0.0,56.0,283
oriol riera magem,4,0.0,114.0,589
oriol romeu vidal,9,0.0,354.0,1293
osazemwinde peter odemwingie,1,0.0,27.0,95
oscar dos santos emboaba júnior,30,2.0,610.0,2441
osinachi marvis ohale,4,0.0,71.0,237
oswaldo giroldo júnior,3,0.0,81.0,340
ousmane dembélé,40,8.0,1147.0,4465
pablo daniel piatti,2,1.0,65.0,377
pablo ezequiel de blasis,3,1.0,144.0,486
pablo hervías ruiz,2,0.0,44.0,163
pablo sarabia garcía,14,0.0,150.0,788
paco clos,1,0.0,2.0,22
paige bailey gayle,2,0.0,21.0,127
paige therese satchell,1,0.0,0.0,27
paige williams,4,0.0,692.0,1946
paolo di canio,3,1.0,66.0,283
paolo maldini,3,1.0,112.0,363
papa babacar diawara,1,0.0,16.0,68
papa kouly diop,8,0.0,225.0,930
pape n''diaye souaré,5,0.0,599.0,1721
papiss demba cissé,5,0.0,75.0,386
patrice evra,2,0.0,165.0,549
patricia guijarro gutiérrez,6,0.0,71.0,264
patrick bamford,3,0.0,39.0,246
patrick claude ekeng ekeng,1,0.0,44.0,251
patrick vieira,20,3.0,1932.0,7082
patrick van aanholt,27,3.0,656.0,2147
patrik berger,1,0.0,11.0,53
paul bosvelt,1,0.0,72.0,230
paul breitner,5,0.0,77.0,238
paul butler,1,0.0,42.0,121
paul dickov,1,1.0,29.0,183
paul dummett,1,1.0,297.0,871
paul ince,1,0.0,35.0,119
paul pogba,2,0.0,33.0,170
paul scholes,7,0.0,150.0,506
pauline bremer,53,10.0,184.0,1230
paulo bruno exequiel dybala,1,0.0,30.0,126
pedro alcalá guirado,1,0.0,60.0,222
pedro bigas rigo,3,1.0,150.0,526
pedro eliezer rodríguez ledesma,110,17.0,2194.0,9154
pedro león sánchez gil,3,0.0,89.0,464
pedro mosquera parada,3,0.0,147.0,637
pedro pablo hernández,2,0.0,78.0,471
peng han,2,0.0,151.0,438
per frandsen,2,0.0,25.0,112
per mertesacker,2,0.0,349.0,963
pere pons riera,3,1.0,144.0,574
pervis josué estupiñán tenorio,1,0.0,39.0,145
peter beardsley,3,0.0,14.0,105
peter crouch,6,0.0,113.0,544
peter whittingham,1,0.0,68.0,268
phil bardsley,3,0.0,181.0,566
phil jagielka,2,0.0,203.0,609
philipp lahm,1,1.0,241.0,712
philipp wollscheid,1,0.0,434.0,1387
philippe coutinho correia,108,7.0,1769.0,6857
piet keizer,1,0.0,39.0,172
pione sisto ifolo emirmija,2,0.0,49.0,219
piotr trochowski,1,0.0,16.0,80
poppy pattinson,7,0.0,985.0,3223
quincy anton promes,1,0.0,36.0,168
quinton fortune kolobea,1,0.0,54.0,222
rachel corsie,1,0.0,108.0,357
rachel furness,67,6.0,1269.0,4874
rachel mclauchlan,4,0.0,169.0,898
rachel rowe,8,0.0,530.0,1758
rachel williams,14,0.0,233.0,1275
radamel falcao garcía zárate,9,1.0,60.0,350
radostin kishishev,1,0.0,87.0,306
rafael alcântara do nascimento,39,7.0,1635.0,6284
rafael van der vaart,1,0.0,16.0,51
raheem sterling,13,1.0,229.0,1118
raissa feudjio tchuanyo,2,0.0,68.0,317
rakel hönnudóttir,3,0.0,119.0,571
ramires santos do nascimento,3,1.0,124.0,502
ramon olamilekan azeez,3,1.0,71.0,434
ramona bachmann,52,4.0,643.0,3081
raphaël varane,6,0.0,365.0,1149
rattikan thongsombut,2,0.0,18.0,141
ray parlour,20,0.0,940.0,3640
raúl albentosa redal,1,0.0,79.0,267
raúl albiol i tortajada,1,0.0,77.0,260
raúl garcía escudero,16,0.0,143.0,739
raúl rodríguez navas,1,0.0,136.0,498
raúl de tomás gómez,6,1.0,45.0,282
rebecca elizabeth sauerbrunn,1,0.0,74.0,197
rebecca holloway,4,0.0,515.0,1645
rebecca jane,6,0.0,998.0,2845
reinhard lauck,5,0.0,30.0,120
remi allen,45,5.0,1170.0,4766
renan augusto lodi dos santos,1,0.0,51.0,172
rené salomon olembé-olembé,1,0.0,56.0,188
rhiannon roberts,18,0.0,532.0,2155
rhoda mulaudzi,2,0.0,12.0,58
rhu-endly martina,1,0.0,239.0,767
ria percival,16,0.0,1440.0,4674
rianna dean,27,4.0,199.0,1450
ricard puig martí,7,0.0,433.0,1567
ricardo izecson dos santos leite,6,1.0,79.0,391
ricardo jorge luz horta,4,0.0,58.0,268
ricardo miguel moreira da costa,1,0.0,49.0,167
ricardo omar giusti,1,0.0,35.0,145
ricardo rogério de brito,3,0.0,109.0,381
ricardo wayne gardner,2,0.0,44.0,145
richard dunne,1,0.0,28.0,91
richard hughes,2,0.0,33.0,146
rickie lambert,5,1.0,53.0,201
ricky van wolfswinkel,2,0.0,25.0,135
rinsola babajide,47,5.0,401.0,3152
risa shimizu,2,0.0,145.0,424
rita chikwelu,1,0.0,86.0,394
riyad mahrez,30,7.0,402.0,1878
riza durmisi,2,0.0,61.0,203
robbie fowler,2,0.0,9.0,40
robbie keane,1,1.0,53.0,276
robbie savage,1,0.0,101.0,374
robert alfred ''bobby' smith,1,0.0,41.0,115
robert brady,21,1.0,475.0,1695
robert huth,9,1.0,286.0,923
robert ibáñez castro,2,0.0,29.0,161
robert kenedy nunes do nascimento,8,0.0,189.0,785
robert lewandowski,3,0.0,22.0,136
robert pirès,56,14.0,1834.0,6507
roberto boninsegna,1,0.0,21.0,147
roberto firmino barbosa de oliveira,17,1.0,316.0,1504
roberto galia,3,0.0,59.0,214
roberto josé rosales altuve,4,0.0,242.0,871
roberto román triguero,2,0.0,154.0,482
roberto soldado rillo,2,0.0,64.0,342
roberto soriano,2,0.0,46.0,240
roberto torres morales,7,2.0,107.0,491
roberto trashorras gayoso,3,0.0,232.0,764
roberto tricella,1,0.0,57.0,216
rodrigo ely,1,0.0,39.0,135
rodrigo hernández cascante,2,0.0,176.0,665
rodrigo javier de paul,3,0.0,44.0,214
rodrigo moreno machado,9,1.0,130.0,723
rodrigo ríos lozano,2,0.0,34.0,247
roger claver assalé djapone,1,0.0,13.0,67
roger martí salvador,2,0.0,40.0,287
romelu lukaku menama,35,7.0,420.0,1981
ronald federico araújo da silva,1,0.0,208.0,634
roque luis santa cruz cantero,1,0.0,44.0,160
roque mesa quevedo,6,0.0,250.0,1031
rory delap,3,0.0,77.0,269
rosella ayane,36,1.0,328.0,2324
rosemary kathleen lavelle,5,2.0,26.0,111
rosie kmita,6,1.0,92.0,462
rosie white,1,0.0,40.0,247
ross barkley,27,1.0,706.0,2505
roy keane,6,0.0,228.0,702
ruben loftus-cheek,5,1.0,97.0,395
rubén alcaraz jiménez,3,0.0,64.0,267
rubén castro martín,13,3.0,118.0,520
rubén duarte sánchez,2,0.0,142.0,488
rubén garcía santos,1,0.0,20.0,102
rubén gracia calmache,1,0.0,55.0,237
rubén pardo gutiérrez,3,0.0,257.0,923
rubén peña jiménez,1,0.0,162.0,549
rubén rochina naixes,14,1.0,248.0,1040
rubén salvador pérez del mármol,6,0.0,256.0,1020
rubén sobrino pozuelo,2,0.0,37.0,220
rudy gestede,21,0.0,211.0,856
rui manuel césar costa,2,0.0,45.0,163
rui zhang,2,0.0,148.0,575
russell martin,4,2.0,355.0,991
ruud van nistelrooy,5,0.0,37.0,242
ryan bennett,3,0.0,205.0,629
ryan bertrand,6,1.0,592.0,1758
ryan giggs,6,0.0,196.0,774
ryan mason,4,0.0,195.0,673
ryan shawcross,3,0.0,198.0,629
róbert mazáň,1,0.0,55.0,181
sabin merino zuloaga,2,0.0,23.0,146
sadio mané,38,6.0,430.0,2301
saido berahino,11,1.0,132.0,733
saki kumagai,2,0.0,151.0,433
salif alassane diao,1,0.0,36.0,115
salomon armand magloire kalou,1,0.0,25.0,145
salvador sevilla lópez,1,0.0,164.0,493
samantha june mewis,6,2.0,67.0,231
samantha may kerr,20,2.0,113.0,632
sami hyypiä,3,1.0,143.0,418
samir nasri,5,1.0,172.0,589
samuel castillejo azuaga,1,0.0,65.0,510
samuel chimerenka chukwueze,14,1.0,108.0,561
samuel eto''o fils,1,1.0,42.0,236
samuel sáiz alonso,1,0.0,19.0,80
samuel yves umtiti,7,1.0,3276.0,9851
samuele longo,1,0.0,16.0,94
sandro cois,2,0.0,47.0,188
sandro mazzola,1,0.0,43.0,181
sandro ramírez castillo,15,3.0,149.0,703
sanjin prcić,4,0.0,8.0,47
santiago arias naranjo,1,0.0,81.0,250
santiago cazorla gonzález,9,1.0,514.0,1705
santiago cáseres,1,0.0,62.0,231
santiago mina lorenzo,5,2.0,87.0,552
sara caroline seger,3,0.0,158.0,506
sara däbritz,14,2.0,83.0,487
sarah emma mayling,7,0.0,827.0,2896
sarah gregorius,2,0.0,21.0,201
satara murray,1,0.0,633.0,1878
saúl berjón pérez,5,0.0,73.0,321
saúl ñíguez esclapez,11,3.0,288.0,1361
scott dann,9,2.0,381.0,1186
scott parker,2,0.0,78.0,321
scott sinclair,3,0.0,66.0,423
sean davis,1,0.0,106.0,374
sebastian larsson,1,0.0,100.0,385
sebastian prödl,1,1.0,115.0,353
sebastián coates nión,5,0.0,205.0,732
sebastián dubarbier,1,0.0,60.0,255
sel-gi jang,3,0.0,171.0,530
serge gnabry,2,0.0,7.0,55
sergi darder moll,9,0.0,120.0,563
sergi gómez solà,1,0.0,152.0,534
sergi roberto carnicer,43,1.0,6777.0,21228
sergio busquets i burgos,37,4.0,12498.0,39220
sergio canales madrazo,9,2.0,274.0,1013
sergio daniel batista,1,0.0,42.0,137
sergio enrich ametller,12,0.0,152.0,901
sergio escudero palomo,4,0.0,132.0,504
sergio ezequiel araújo,5,0.0,23.0,148
sergio garcía de la fuente,6,1.0,103.0,540
sergio gontán gallardo,1,0.0,16.0,87
sergio guardiola navarro,7,0.0,67.0,435
sergio leonel agüero del castillo,32,7.0,153.0,897
sergio león limones,3,0.0,29.0,185
sergio pelegrín lópez,1,0.0,49.0,189
sergio ramos garcía,9,4.0,645.0,1978
sergio reguilón rodríguez,3,0.0,170.0,600
sergio sánchez ortega,1,0.0,71.0,215
sergio álvarez díaz,2,0.0,84.0,314
seth johnson,1,0.0,51.0,154
seung-ho paik,1,0.0,3.0,11
seydou doumbia,1,0.0,3.0,35
shane long,15,3.0,201.0,966
shannon albuery,4,0.0,59.0,385
shanshan wang,6,0.0,86.0,431
shaun wright-phillips,1,0.0,52.0,267
sherida spitse,3,0.0,180.0,524
shinji okazaki,7,1.0,125.0,801
shuang wang,1,0.0,72.0,387
sidnei rechel da silva júnior,1,0.0,192.0,666
siem stefan de jong,4,0.0,74.0,269
silawan intamee,1,0.0,37.0,206
silvia meseguer bellido,2,0.0,44.0,167
simon charlton,1,0.0,74.0,238
simon davies,1,0.0,35.0,150
simon francis,1,0.0,632.0,1885
simon thorup kjær,2,0.0,46.0,165
simone magill,27,2.0,594.0,3819
simão mate,1,0.0,73.0,292
simão pedro fonseca sabrosa,1,0.0,21.0,89
siri worm,4,1.0,953.0,2606
sjaak swart,5,0.0,43.0,153
so-hyun cho,11,0.0,619.0,2349
so-yun ji,86,12.0,1843.0,6887
sofiane boufal,2,0.0,35.0,163
sofiane feghouli,6,0.0,80.0,370
sophie elizabeth bradley-auckland,11,0.0,1264.0,3745
sophie howard,5,0.0,750.0,2280
sophie louise ingle,29,4.0,1524.0,4576
sophie perry-campbell,1,0.0,137.0,387
sophie schmidt,2,0.0,158.0,472
stan lazaridis,2,0.0,62.0,290
steed malbranque,8,0.0,88.0,426
stefan savić,1,0.0,97.0,330
stephanie houghton,46,5.0,2761.0,8199
stephen clemence,3,0.0,83.0,331
stephen kenneth hunt,10,1.0,44.0,229
stevan jovetić,1,0.0,5.0,30
steve buttle,3,0.0,37.0,152
steve cook,11,1.0,494.0,1457
steve mcmanaman,1,0.0,5.0,23
steve stone,1,0.0,72.0,282
steve watson,2,0.0,26.0,142
steven berghuis,3,0.0,48.0,222
steven davis,11,4.0,597.0,2074
steven fletcher,13,2.0,156.0,845
steven gerrard,10,1.0,235.0,776
steven n''kemboanza mike christopher nzonzi,4,0.0,193.0,644
steven naismith,4,0.0,100.0,527
steven whittaker,2,1.0,130.0,358
stylianos giannakopoulos,1,0.0,35.0,153
stéphane sessègnon,8,1.0,149.0,672
suchawadee nildhamrong,1,0.0,54.0,228
sullay kaikai,3,0.0,20.0,82
sulzeer jeremiah ''sol' campbell,11,1.0,1266.0,3804
sung-yeung ki,9,0.0,482.0,1661
sven bender,1,0.0,28.0,102
svenja huth,6,0.0,97.0,455
sylvain distin,2,0.0,125.0,383
sylvain legwinski,4,0.0,107.0,394
sylvain wiltord,18,3.0,268.0,1164
szilárd németh,3,0.0,55.0,293
séamus coleman,10,0.0,433.0,1504
sébastien aymar bassong nguena,2,0.0,252.0,814
sébastien squillaci,4,0.0,13.0,38
takashi inui,8,2.0,68.0,395
takefusa kubo,6,0.0,75.0,326
tameka yallop,2,0.0,62.0,265
taneekarn dangda,2,0.0,26.0,142
taylor hinds,11,0.0,542.0,1797
teddy sheringham,2,1.0,51.0,196
tente sánchez,2,0.0,42.0,120
terry butcher,1,0.0,45.0,159
terry fenwick,2,0.0,32.0,104
terry graham garbett,1,0.0,26.0,91
tessa wullaert,50,5.0,1150.0,4351
tessel middag,9,0.0,312.0,1079
thaysa de moraes rosa moreno,2,0.0,80.0,301
thembi kgatlana,7,1.0,37.0,308
theo bernard françois hernández,3,0.0,98.0,348
theo walcott,3,0.0,53.0,254
thiago alcântara do nascimento,1,1.0,215.0,748
thierry henry,196,30.0,1317.0,6611
thievy guivane bifouma koulossa,3,1.0,51.0,291
thomas gravesen,2,0.0,58.0,248
thomas hitzlsperger,3,0.0,46.0,196
thomas lemar,1,0.0,32.0,182
thomas müller,10,1.0,113.0,507
thomas teye partey,2,0.0,187.0,842
thomas vermaelen,6,1.0,719.0,2127
tiago cardoso mendes,2,0.0,154.0,523
tiago manuel dias correia,2,0.0,69.0,329
timm klose,1,0.0,60.0,204
timothy evans fosu-mensah,1,0.0,4.0,17
timothée kolodziejczak,1,0.0,27.0,93
tobias linderoth,1,0.0,46.0,157
toby alderweireld,17,0.0,897.0,2663
tom carroll,2,1.0,115.0,399
tom cleverley,16,2.0,410.0,1488
tomasz radziński,5,2.0,54.0,266
tomer hemed,3,0.0,22.0,112
tommy elphick,1,0.0,97.0,285
tommy ord,4,0.0,16.0,92
tomás pina isla,3,0.0,123.0,563
toni kroos,16,0.0,825.0,2741
tony field,1,0.0,49.0,191
tony hibbert,1,0.0,61.0,168
trent alexander-arnold,2,0.0,91.0,233
troy deeney,27,6.0,354.0,1719
trudi sudan carter,3,0.0,12.0,83
trésor lomana lualua,3,0.0,18.0,170
tugay kerimoğlu,2,0.0,135.0,435
tyler roberts,1,0.0,8.0,55
ugochi desire oparanozie,5,0.0,44.0,293
ulises hernán de la cruz bernardo,1,0.0,30.0,136
ulrich hoeneß,2,0.0,37.0,138
unai bustinza martínez,1,0.0,105.0,348
unai lópez cabrera,6,1.0,107.0,420
unai núñez gestoso,1,0.0,23.0,84
vadis odjidja-ofoe,2,0.0,118.0,510
valentina bergamaschi,1,0.0,47.0,238
valentina giacinti,1,0.0,8.0,71
valérie gauvin,7,1.0,32.0,275
vicente iborra de la fuente,5,1.0,228.0,931
victor moses,6,1.0,65.0,344
victor wanyama,13,1.0,548.0,1966
victoria williams,16,2.0,1115.0,3682
viktoria schnaderbeck,4,0.0,821.0,2409
vincent kompany,1,1.0,97.0,331
vinícius josé paixão de oliveira júnior,8,1.0,67.0,367
virgil van dijk,15,1.0,492.0,1589
virginia torrecilla reyes,5,0.0,169.0,558
vitorino gabriel pacheco antunes,2,0.0,33.0,114
viviane asseyi,2,0.0,35.0,182
vivianne miedema,178,39.0,1002.0,5582
vladimir smicer,4,2.0,63.0,247
vurnon anita,1,0.0,394.0,1249
víctor camarasa ferrando,2,0.0,113.0,469
víctor campuzano bonilla,1,0.0,2.0,20
víctor casadesús castaño,3,2.0,79.0,359
víctor guillermo álvarez delgado,1,0.0,81.0,335
víctor laguardia cisneros,1,0.0,68.0,223
víctor machín pérez,11,2.0,189.0,1081
víctor muñoz manrique,1,0.0,45.0,160
víctor pérez alonso,1,0.0,47.0,190
víctor ruíz torre,1,0.0,163.0,514
víctor sánchez mata,3,0.0,205.0,878
wahbi khazri,9,1.0,135.0,608
waldo rubio martín,2,0.0,46.0,184
wanderson maciel sousa campos,1,0.0,24.0,142
wayne bridge,1,0.0,111.0,365
wayne mark rooney,26,5.0,483.0,1981
wayne routledge,6,1.0,237.0,1028
wellington alves da silva,1,0.0,17.0,103
wendie renard,4,3.0,196.0,580
wes brown,1,0.0,197.0,645
wes hoolahan,5,0.0,222.0,903
wes morgan,9,1.0,281.0,929
wesley sneijder,6,0.0,39.0,163
wiktoria kiszkis,1,0.0,2.0,7
wilfried guemiand bony,16,1.0,124.0,645
wilfried zaha,12,0.0,200.0,1232
william gallas,3,0.0,36.0,129
willian borges da silva,34,2.0,860.0,3188
willian josé da silva,14,2.0,117.0,581
wim suurbier,1,0.0,59.0,182
winston reid,3,0.0,196.0,684
wissam ben yedder,7,0.0,53.0,297
wolfgang overath,1,0.0,37.0,136
xabier alonso olano,5,1.0,174.0,618
xabier prieto argarate,5,1.0,274.0,1072
xavier hernández creus,53,6.0,4005.0,12148
xavier torres buigues,1,0.0,76.0,270
xherdan shaqiri,13,3.0,285.0,1173
yacine brahimi,1,1.0,13.0,110
yakubu aiyegbeni,8,1.0,37.0,252
yan brice eteki,1,0.0,10.0,95
yana daniëls,21,3.0,547.0,2918
yangel clemente herrera ravelo,1,0.0,28.0,165
yann gérard m''vila,14,0.0,900.0,3023
yannick bolasie yala,16,1.0,224.0,1156
yannick ferreira carrasco,9,1.0,154.0,821
yasha gu,2,0.0,86.0,413
yeray álvarez lópez,2,0.0,120.0,431
ying li,3,1.0,42.0,263
yohan cabaye,25,1.0,494.0,1738
younes kaboul,7,0.0,231.0,829
youri djorkaeff,3,0.0,40.0,172
youssef el-arabi,7,0.0,44.0,349
youssef en-nesyri,8,1.0,67.0,462
youssouf chafiq mulumbu ngangu,1,0.0,60.0,268
yui hasegawa,2,0.0,74.0,270
yuika sugasawa,4,1.0,59.0,276
yuri berchiche izeta,12,0.0,213.0,795
zakaria bakkali,1,0.0,8.0,46
zat knight,1,0.0,20.0,67
àngel rangel zaragoza,3,0.0,379.0,978
álvaro borja morata martín,11,1.0,54.0,372
álvaro cejudo carmona,9,0.0,114.0,545
álvaro gonzález soberón,4,0.0,158.0,556
álvaro negredo sánchez,4,0.0,34.0,151
álvaro vadillo cifuentes,9,1.0,67.0,397
ángel fabián di maría hernández,2,0.0,133.0,521
ángel lafita castillo,2,2.0,17.0,155
ángel luis rodríguez díaz,9,1.0,32.0,281
ángel martín correa,3,1.0,82.0,451
ángel trujillo canorea,2,1.0,55.0,222
éderzito antónio macedo lopes,4,0.0,56.0,359
édson arantes do nascimento,7,0.0,45.0,206
émerson augusto thome,1,0.0,76.0,238
éver maximiliano david banega,7,1.0,362.0,1250
íñigo lekue martínez,1,0.0,34.0,171
íñigo martínez berridi,9,0.0,247.0,836
óliver torres muñoz,1,0.0,82.0,364
óscar david romero villamayor,1,0.0,19.0,70
óscar esau duarte gaitán,1,0.0,30.0,107
óscar javier gonzález marcos,1,0.0,47.0,224
óscar melendo jiménez,2,0.0,61.0,302
óscar plano pedreño,3,0.0,77.0,325
óscar rodríguez arnaiz,5,1.0,72.0,364
óscar de marcos arana,3,1.0,408.0,1408
i̇lkay gündoğan,1,1.0,55.0,192
łukasz piszczek,1,0.0,35.0,127
