competition_id,season_id,player_id,player_name,minutes,passes,passes_completed,key_passes,tackles,fouls_committed,shots,xg,assists,interceptions,goals,goals_per90,assists_per90,shots_per90,passes_per90,xg_per90,key_passes_per90
43,106,3281,Aaron Mooy,0.0,219.0,171.0,1.0,13.0,6.0,1.0,0.039191317,0.0,3.0,0.0,,,,,,
43,106,3517,Aaron Ramsey,0.0,110.0,86.0,1.0,4.0,3.0,1.0,0.025361432,0.0,1.0,0.0,,,,,,
43,106,3634,Abdelhamid Sabiri,0.0,58.0,46.0,2.0,2.0,3.0,4.0,0.9068839989999999,1.0,5.0,1.0,,,,,,
43,106,124494,Abdelkarim Hassan Al Haj Fadlalla,0.0,158.0,125.0,1.0,6.0,2.0,6.0,0.2749146245,0.0,3.0,0.0,,,,,,
43,106,59493,Abderrazak Hamdallah,0.0,16.0,8.0,0.0,0.0,4.0,2.0,0.542996504,0.0,0.0,0.0,,,,,,
43,106,149714,Abdessamad Ezzalzouli,0.0,16.0,11.0,2.0,2.0,4.0,1.0,0.05950738,0.0,3.0,0.0,,,,,,
43,106,8553,Abdou Diallo,0.0,183.0,142.0,1.0,3.0,4.0,1.0,0.035411544,0.0,1.0,0.0,,,,,,
43,106,136306,Abdul Fatawu Issahaku,0.0,0.0,0.0,0.0,0.0,0.0,0.0,0.0,0.0,0.0,0.0,,,,,,
43,106,12325,Abdul Rahman Baba,0.0,103.0,70.0,2.0,5.0,8.0,0.0,0.0,0.0,1.0,0.0,,,,,,
43,106,124514,Abdulaziz Hatem Mohammed Abdullah,0.0,91.0,72.0,1.0,1.0,4.0,1.0,0.024495702,0.0,2.0,0.0,,,,,,
43,106,51094,Abdulelah Al Amri,0.0,101.0,76.0,0.0,3.0,4.0,1.0,0.037819926,0.0,4.0,0.0,,,,,,
43,106,56755,Abdulelah Saad Hameed Al-Malki,0.0,86.0,71.0,0.0,1.0,8.0,2.0,0.13939861,0.0,3.0,0.0,,,,,,
43,106,51103,Abdullah Mohammed Madu,0.0,11.0,4.0,0.0,1.0,1.0,0.0,0.0,0.0,1.0,0.0,,,,,,
43,106,51705,Abdulrahman Al-Obood,0.0,13.0,8.0,1.0,3.0,0.0,1.0,0.041744728,0.0,0.0,0.0,,,,,,
43,106,326758,Abolfazl Jalali,0.0,29.0,21.0,0.0,0.0,1.0,0.0,0.0,0.0,0.0,0.0,,,,,,
43,106,139016,Achraf Dari,0.0,107.0,96.0,0.0,1.0,3.0,1.0,0.4178385,0.0,3.0,1.0,,,,,,
43,106,5245,Achraf Hakimi Mouh,0.0,380.0,314.0,6.0,25.0,10.0,5.0,0.919596872,1.0,11.0,1.0,,,,,,
43,106,3026,Adrien Rabiot,0.0,285.0,246.0,1.0,11.0,9.0,9.0,0.728120058,1.0,10.0,1.0,,,,,,
43,106,36666,Agustín Canobbio Graviz,0.0,7.0,5.0,0.0,2.0,0.0,0.0,0.0,0.0,0.0,0.0,,,,,,
43,106,124167,Ahmad Nourollahi,0.0,55.0,39.0,0.0,4.0,3.0,5.0,0.0804267816,0.0,4.0,0.0,,,,,,
43,106,124490,Ahmed Alaa Eldin Abdelmotaal,0.0,2.0,0.0,0.0,0.0,0.0,0.0,0.0,0.0,0.0,0.0,,,,,,
43,106,8859,Ajdin Hrustic,0.0,23.0,18.0,0.0,0.0,1.0,1.0,0.033247408,0.0,0.0,0.0,,,,,,
43,106,40784,Akram Hassan Afif,0.0,166.0,141.0,5.0,0.0,2.0,2.0,0.029100373,0.0,0.0,0.0,,,,,,
43,106,37945,Alan Steven Franco Palma,0.0,11.0,10.0,0.0,1.0,0.0,0.0,0.0,0.0,0.0,0.0,,,,,,
43,106,39161,Alejandro Balde Martínez,0.0,119.0,111.0,0.0,8.0,2.0,1.0,0.077706024,0.0,2.0,0.0,,,,,,
43,106,7006,Alejandro Darío Gómez,0.0,58.0,52.0,0.0,1.0,1.0,2.0,0.023071868,0.0,2.0,0.0,,,,,,
43,106,4269,Aleksandar Mitrović,0.0,67.0,52.0,1.0,2.0,2.0,10.0,1.501642214,0.0,0.0,2.0,,,,,,
43,106,11183,Alex Nicolao Telles,0.0,44.0,35.0,0.0,2.0,1.0,0.0,0.0,0.0,1.0,0.0,,,,,,
43,106,6945,Alex Sandro Lobo Silva,0.0,169.0,150.0,1.0,9.0,3.0,1.0,0.021819543,0.0,4.0,0.0,,,,,,
43,106,2989,Alexander Djiku,0.0,27.0,23.0,0.0,1.0,1.0,0.0,0.0,0.0,4.0,0.0,,,,,,
43,106,24547,Alexander Hartmann Bah,0.0,50.0,37.0,0.0,4.0,1.0,2.0,0.056216941,0.0,0.0,0.0,,,,,,
43,106,27886,Alexis Mac Allister,0.0,271.0,242.0,7.0,10.0,1.0,7.0,0.5018383630000001,1.0,4.0,1.0,,,,,,
43,106,30681,Ali Abdi,0.0,109.0,72.0,1.0,10.0,5.0,0.0,0.0,0.0,5.0,0.0,,,,,,
43,106,51096,Ali Al Hassan,0.0,8.0,4.0,0.0,0.0,2.0,1.0,0.10154356,0.0,1.0,0.0,,,,,,
43,106,5715,Ali Albulayhi,0.0,89.0,71.0,0.0,5.0,1.0,0.0,0.0,0.0,2.0,0.0,,,,,,
43,106,149463,Ali Assadalla Thaimn Qambar,0.0,23.0,22.0,0.0,1.0,0.0,0.0,0.0,0.0,0.0,0.0,,,,,,
43,106,23874,Ali Gholizadeh,0.0,73.0,47.0,1.0,2.0,3.0,1.0,0.04282673,1.0,6.0,0.0,,,,,,
43,106,125818,Ali Karimi,0.0,45.0,36.0,0.0,3.0,6.0,0.0,0.0,0.0,1.0,0.0,,,,,,
43,106,5647,Ali Maâloul,0.0,61.0,39.0,0.0,3.0,0.0,0.0,0.0,0.0,2.0,0.0,,,,,,
43,106,45047,Alidu Seidu,0.0,75.0,60.0,0.0,8.0,5.0,1.0,0.015372672,0.0,0.0,0.0,,,,,,
43,106,5239,Alireza Jahanbakhsh,0.0,14.0,9.0,0.0,1.0,3.0,3.0,0.154904189,0.0,1.0,0.0,,,,,,
43,106,5227,Alireza Safar Beiranvand,0.0,31.0,21.0,0.0,0.0,0.0,0.0,0.0,0.0,0.0,0.0,,,,,,
43,106,5547,Alisson Ramsés Becker,0.0,94.0,80.0,0.0,0.0,0.0,0.0,0.0,0.0,0.0,0.0,,,,,,
43,106,44703,Alistair Johnston,0.0,187.0,156.0,4.0,4.0,5.0,2.0,0.672354974,0.0,2.0,0.0,,,,,,
43,106,124495,Almoez Ali Zainalabiddin Abdulla,0.0,46.0,36.0,0.0,3.0,2.0,3.0,0.483816448,0.0,0.0,0.0,,,,,,
43,106,12365,Alphonso Davies,0.0,114.0,82.0,4.0,1.0,4.0,4.0,0.928688898,0.0,5.0,1.0,,,,,,
43,106,184468,Alvaro José Zamora Mata,0.0,5.0,5.0,0.0,2.0,0.0,0.0,0.0,0.0,0.0,0.0,,,,,,
43,106,48347,Amadou Onana,0.0,63.0,57.0,0.0,7.0,4.0,2.0,0.29186468,0.0,0.0,0.0,,,,,,
43,106,131037,Anass Zaroury,0.0,12.0,10.0,1.0,0.0,0.0,0.0,0.0,0.0,0.0,0.0,,,,,,
43,106,3959,Andreas Christensen,0.0,250.0,236.0,0.0,3.0,2.0,2.0,0.5251976599999999,0.0,6.0,1.0,,,,,,
43,106,5732,Andreas Evald Cornelius,0.0,32.0,21.0,3.0,0.0,4.0,5.0,0.801507865,0.0,0.0,0.0,,,,,,
43,106,17042,Andreas Skov Olsen,0.0,62.0,44.0,1.0,0.0,2.0,4.0,0.311829907,0.0,1.0,0.0,,,,,,
43,106,5460,Andrej Kramarić,0.0,173.0,151.0,5.0,2.0,1.0,10.0,1.087257213,0.0,0.0,2.0,,,,,,
43,106,8326,Andries Noppert,0.0,191.0,157.0,0.0,0.0,0.0,0.0,0.0,0.0,0.0,0.0,,,,,,
43,106,6318,Andrija Živković,0.0,99.0,73.0,2.0,4.0,2.0,1.0,0.030001678,2.0,4.0,0.0,,,,,,
43,106,3347,André Ayew Pelé,0.0,37.0,31.0,0.0,5.0,2.0,2.0,1.2687446599999999,0.0,0.0,1.0,,,,,,
43,106,5218,André Miguel Valente Silva,0.0,11.0,10.0,2.0,0.0,0.0,0.0,0.0,0.0,0.0,0.0,,,,,,
43,106,8064,André Onana,0.0,60.0,44.0,0.0,0.0,0.0,0.0,0.0,0.0,0.0,0.0,,,,,,
43,106,3141,André-Frank Zambo Anguissa,0.0,134.0,115.0,0.0,4.0,6.0,1.0,0.046351306,0.0,6.0,0.0,,,,,,
43,106,37737,Angelo Smit Preciado Quiñónez,0.0,129.0,97.0,2.0,9.0,8.0,4.0,0.0708458504,1.0,5.0,0.0,,,,,,
43,106,35592,Anis Ben Slimane,0.0,49.0,35.0,2.0,3.0,1.0,1.0,0.1007914,0.0,1.0,0.0,,,,,,
43,106,30756,Anssumane Fati,0.0,28.0,24.0,0.0,1.0,0.0,0.0,0.0,0.0,0.0,0.0,,,,,,
43,106,8654,Ante Budimir,0.0,6.0,4.0,0.0,1.0,4.0,1.0,0.10111922,0.0,0.0,0.0,,,,,,
43,106,132296,Anthony Daniel Contreras Enríquez,0.0,25.0,17.0,1.0,3.0,1.0,0.0,0.0,0.0,1.0,0.0,,,,,,
43,106,5487,Antoine Griezmann,0.0,323.0,255.0,17.0,13.0,3.0,6.0,0.49632007100000003,3.0,11.0,0.0,,,,,,
43,106,9286,Antoine Semenyo,0.0,3.0,1.0,0.0,0.0,2.0,1.0,0.12024433,0.0,0.0,0.0,,,,,,
43,106,4614,Antonee Robinson,0.0,240.0,175.0,3.0,7.0,3.0,0.0,0.0,0.0,8.0,0.0,,,,,,
43,106,3167,Antonio Rüdiger,0.0,247.0,227.0,0.0,1.0,0.0,6.0,0.6597156827,0.0,0.0,0.0,,,,,,
43,106,25363,Antony Matheus dos Santos,0.0,113.0,91.0,3.0,3.0,2.0,6.0,0.1545435,0.0,3.0,0.0,,,,,,
43,106,143854,António João Pereira Albuquerque Tavares Silva,0.0,58.0,57.0,0.0,1.0,2.0,0.0,0.0,0.0,1.0,0.0,,,,,,
43,106,37208,Ao Tanaka,0.0,68.0,50.0,1.0,4.0,1.0,1.0,0.87261814,0.0,4.0,1.0,,,,,,
43,106,41655,Ardon Jashari,0.0,6.0,5.0,0.0,0.0,0.0,0.0,0.0,0.0,0.0,0.0,,,,,,
43,106,5665,Arkadiusz Milik,0.0,33.0,24.0,0.0,1.0,1.0,1.0,0.13519733,0.0,0.0,0.0,,,,,,
43,106,4685,Artur Jędrzejczyk,0.0,5.0,4.0,0.0,0.0,0.0,0.0,0.0,0.0,0.0,0.0,,,,,,
43,106,124500,Assim Omer Al Haj Madibo,0.0,71.0,62.0,1.0,7.0,2.0,0.0,0.0,0.0,3.0,0.0,,,,,,
43,106,31684,Atiba Hutchinson,0.0,112.0,103.0,0.0,4.0,2.0,2.0,0.133220574,0.0,4.0,0.0,,,,,,
43,106,10481,Aurélien Djani Tchouaméni,0.0,470.0,431.0,6.0,9.0,8.0,7.0,1.182897098,0.0,15.0,1.0,,,,,,
43,106,24475,Awer Mabil,0.0,14.0,10.0,0.0,0.0,0.0,0.0,0.0,0.0,1.0,0.0,,,,,,
43,106,7439,Axel Disasi,0.0,75.0,58.0,0.0,3.0,0.0,1.0,0.061025612,0.0,4.0,0.0,,,,,,
43,106,5642,Axel Witsel,0.0,176.0,169.0,1.0,5.0,6.0,1.0,0.025340356,0.0,3.0,0.0,,,,,,
43,106,38285,Ayase Ueda,0.0,11.0,7.0,1.0,0.0,1.0,0.0,0.0,0.0,0.0,0.0,,,,,,
43,106,105943,Aymen Dahmen,0.0,77.0,48.0,0.0,0.0,0.0,0.0,0.0,0.0,0.0,0.0,,,,,,
43,106,4353,Aymeric Laporte,0.0,429.0,404.0,1.0,1.0,3.0,1.0,0.04145577,0.0,4.0,0.0,,,,,,
43,106,5479,Aziz Eraltay Behich,0.0,204.0,154.0,0.0,5.0,4.0,2.0,0.126898918,0.0,6.0,0.0,,,,,,
43,106,46258,Azzedine Ounahi,0.0,267.0,221.0,6.0,9.0,3.0,6.0,0.24470047899999997,0.0,11.0,0.0,,,,,,
43,106,44955,Aïssa Bilal Laïdouni,0.0,119.0,97.0,3.0,8.0,5.0,2.0,0.08097828400000001,1.0,6.0,0.0,,,,,,
43,106,67700,Badr Banoun,0.0,21.0,21.0,0.0,0.0,2.0,1.0,0.7835,0.0,1.0,0.0,,,,,,
43,106,22371,Bailey Wright,0.0,4.0,1.0,0.0,0.0,0.0,0.0,0.0,0.0,0.0,0.0,,,,,,
43,106,5673,Bartosz Bereszyński,0.0,150.0,121.0,0.0,8.0,5.0,0.0,0.0,0.0,4.0,0.0,,,,,,
43,106,124503,Bassam Hisham Al Rawi,0.0,57.0,48.0,1.0,0.0,2.0,0.0,0.0,0.0,2.0,0.0,,,,,,
43,106,3086,Ben Davies,0.0,160.0,121.0,0.0,4.0,1.0,3.0,0.384204745,0.0,2.0,0.0,,,,,,
43,106,5476,Benjamin Pavard,0.0,88.0,81.0,0.0,0.0,0.0,0.0,0.0,0.0,1.0,0.0,,,,,,
43,106,3193,Bernardo Mota Veiga de Carvalho e Silva,0.0,292.0,259.0,5.0,7.0,2.0,1.0,0.10927713,0.0,2.0,0.0,,,,,,
43,106,156734,Bilal El Khannous,0.0,24.0,20.0,0.0,0.0,0.0,0.0,0.0,0.0,0.0,0.0,,,,,,
43,106,11127,Borna Barišić,0.0,67.0,50.0,0.0,2.0,5.0,1.0,0.015196718,0.0,1.0,0.0,,,,,,
43,106,12625,Borna Sosa,0.0,276.0,222.0,2.0,9.0,4.0,2.0,0.048374664,0.0,4.0,0.0,,,,,,
43,106,124493,Boualem Khoukhi,0.0,194.0,167.0,0.0,4.0,1.0,0.0,0.0,0.0,3.0,0.0,,,,,,
43,106,20611,Boulaye Dia,0.0,53.0,39.0,1.0,0.0,4.0,8.0,0.662240351,0.0,1.0,1.0,,,,,,
43,106,108340,Brandon Aguilera Zamora,0.0,35.0,25.0,0.0,2.0,2.0,0.0,0.0,0.0,0.0,0.0,,,,,,
43,106,5545,Breel-Donald Embolo,0.0,66.0,50.0,2.0,1.0,3.0,6.0,2.3911965979999996,0.0,1.0,2.0,,,,,,
43,106,24243,Brenden Aaronson,0.0,48.0,41.0,3.0,3.0,3.0,1.0,0.09428854,0.0,2.0,0.0,,,,,,
43,106,29377,Brennan Johnson,0.0,18.0,12.0,0.0,0.0,2.0,3.0,0.124267868,0.0,0.0,0.0,,,,,,
43,106,25142,Bruno Guimarães Rodriguez Moura,0.0,55.0,46.0,0.0,0.0,2.0,5.0,0.64781192,0.0,0.0,0.0,,,,,,
43,106,5204,Bruno Miguel Borges Fernandes,0.0,231.0,186.0,6.0,6.0,4.0,8.0,1.0313368613,3.0,1.0,2.0,,,,,,
43,106,7693,Bruno Petković,0.0,80.0,44.0,4.0,5.0,3.0,1.0,0.09977819,0.0,0.0,1.0,,,,,,
43,106,4935,Bryan Mbeumo,0.0,81.0,52.0,5.0,1.0,1.0,2.0,0.134345962,0.0,1.0,0.0,,,,,,
43,106,5836,Bryan Oviedo,0.0,89.0,68.0,0.0,7.0,3.0,0.0,0.0,0.0,4.0,0.0,,,,,,
43,106,5592,Bryan Ruiz González,0.0,13.0,8.0,0.0,1.0,0.0,0.0,0.0,0.0,0.0,0.0,,,,,,
43,106,22084,Bukayo Saka,0.0,111.0,84.0,5.0,9.0,7.0,7.0,0.579455465,0.0,2.0,3.0,,,,,,
43,106,3616,Callum Wilson,0.0,12.0,9.0,2.0,0.0,0.0,0.0,0.0,1.0,0.0,0.0,,,,,,
43,106,15971,Cameron Carter-Vickers,0.0,55.0,50.0,0.0,0.0,0.0,0.0,0.0,0.0,0.0,0.0,,,,,,
43,106,26297,Carlos Alberto Rodríguez Gómez,0.0,29.0,20.0,0.0,0.0,1.0,0.0,0.0,0.0,1.0,0.0,,,,,,
43,106,12583,Carlos Armando Gruezo Arboleda,0.0,14.0,13.0,0.0,2.0,0.0,0.0,0.0,0.0,0.0,0.0,,,,,,
43,106,5539,Carlos Henrique Casimiro,0.0,258.0,217.0,4.0,11.0,8.0,10.0,1.1432915347,0.0,6.0,2.0,,,,,,
43,106,132271,Carlos Manuel Martínez Castro,0.0,14.0,10.0,0.0,2.0,1.0,0.0,0.0,0.0,0.0,0.0,,,,,,
43,106,6583,Carlos Soler Barragán,0.0,84.0,78.0,2.0,0.0,0.0,5.0,1.2714840559999998,0.0,0.0,1.0,,,,,,
43,106,15452,Carlos Uriel Antuna Romero,0.0,18.0,9.0,1.0,3.0,0.0,2.0,0.30874212,0.0,0.0,0.0,,,,,,
43,106,5582,Celso Borges Mora,0.0,113.0,94.0,1.0,5.0,2.0,0.0,0.0,0.0,3.0,0.0,,,,,,
43,106,3135,Chang-Hoon Kwon,0.0,23.0,19.0,1.0,1.0,0.0,0.0,0.0,0.0,0.0,0.0,,,,,,
43,106,32688,Charles De Ketelaere,0.0,4.0,3.0,0.0,0.0,0.0,0.0,0.0,0.0,0.0,0.0,,,,,,
43,106,88123,Cheikh Ahmadou Bamba Mbacke Dieng,0.0,19.0,11.0,1.0,3.0,6.0,4.0,0.3838931,0.0,0.0,1.0,,,,,,
43,106,3684,Cheikhou Kouyaté,0.0,26.0,21.0,1.0,0.0,1.0,0.0,0.0,0.0,1.0,0.0,,,,,,
43,106,4767,Chris Mepham,0.0,170.0,143.0,2.0,8.0,7.0,0.0,0.0,0.0,1.0,0.0,,,,,,
43,106,3043,Christian Dannemann Eriksen,0.0,231.0,193.0,9.0,1.0,4.0,4.0,0.154105106,0.0,3.0,0.0,,,,,,
43,106,16022,Christian Fassnacht,0.0,10.0,8.0,0.0,0.0,0.0,1.0,0.31681746,0.0,0.0,0.0,,,,,,
43,106,46903,Christian Mougang Bassogog,0.0,9.0,5.0,0.0,0.0,0.0,0.0,0.0,0.0,1.0,0.0,,,,,,
43,106,7097,Christian Nørgaard,0.0,15.0,14.0,0.0,0.0,0.0,0.0,0.0,0.0,0.0,0.0,,,,,,
43,106,8246,Christian Pulisic,0.0,139.0,84.0,7.0,1.0,2.0,9.0,1.138087093,2.0,0.0,1.0,,,,,,
43,106,74588,Christopher Wooh,0.0,33.0,27.0,0.0,1.0,2.0,1.0,0.05692788,0.0,1.0,0.0,,,,,,
43,106,5986,Chul Hong,0.0,20.0,17.0,1.0,0.0,0.0,0.0,0.0,0.0,1.0,0.0,,,,,,
43,106,20750,Cody Mathès Gakpo,0.0,154.0,98.0,10.0,8.0,10.0,5.0,0.562367031,0.0,9.0,3.0,,,,,,
43,106,4774,Connor Roberts,0.0,119.0,92.0,1.0,3.0,0.0,0.0,0.0,0.0,2.0,0.0,,,,,,
43,106,8346,Craig Goodwin,0.0,94.0,57.0,5.0,5.0,1.0,2.0,0.205087522,0.0,1.0,1.0,,,,,,
43,106,20572,Cristian Gabriel Romero,0.0,372.0,330.0,0.0,7.0,13.0,0.0,0.0,0.0,9.0,0.0,,,,,,
43,106,5207,Cristiano Ronaldo dos Santos Aveiro,0.0,90.0,67.0,4.0,0.0,2.0,11.0,1.939259267,0.0,0.0,1.0,,,,,,
43,106,16459,Cyle Larin,0.0,31.0,21.0,2.0,0.0,2.0,3.0,0.24979668400000002,0.0,0.0,0.0,,,,,,
43,106,3957,César Azpilicueta Tanco,0.0,179.0,169.0,3.0,1.0,2.0,0.0,0.0,1.0,2.0,0.0,,,,,,
43,106,26368,César Jasib Montes Castro,0.0,192.0,163.0,1.0,5.0,4.0,1.0,0.0988946,1.0,1.0,0.0,,,,,,
43,106,9411,Daichi Kamada,0.0,104.0,83.0,1.0,7.0,2.0,6.0,0.42129175,0.0,1.0,0.0,,,,,,
43,106,30628,Daizen Maeda,0.0,18.0,8.0,0.0,3.0,2.0,2.0,0.53585137,0.0,2.0,1.0,,,,,,
43,106,3311,Daley Blind,0.0,304.0,260.0,1.0,12.0,4.0,5.0,0.521673045,1.0,5.0,1.0,,,,,,
43,106,8714,Damian Szymański,0.0,9.0,9.0,0.0,0.0,1.0,0.0,0.0,0.0,0.0,0.0,,,,,,
43,106,6909,Damián Emiliano Martínez,0.0,186.0,123.0,0.0,0.0,0.0,0.0,0.0,0.0,0.0,0.0,,,,,,
43,106,132772,Daniel Alonso Chacón Salas,0.0,1.0,1.0,0.0,0.0,0.0,0.0,0.0,0.0,0.0,0.0,,,,,,
43,106,4324,Daniel Alves da Silva,0.0,99.0,88.0,0.0,5.0,5.0,3.0,0.120014081,0.0,0.0,0.0,,,,,,
43,106,3709,Daniel Amartey,0.0,140.0,129.0,3.0,7.0,4.0,0.0,0.0,0.0,2.0,0.0,,,,,,
43,106,5721,Daniel Carvajal Ramos,0.0,135.0,122.0,0.0,2.0,0.0,0.0,0.0,0.0,1.0,0.0,,,,,,
43,106,11252,Daniel James,0.0,34.0,23.0,1.0,2.0,1.0,0.0,0.0,0.0,1.0,0.0,,,,,,
43,106,16532,Daniel Olmo Carvajal,0.0,196.0,160.0,3.0,5.0,6.0,12.0,1.0841161046999999,1.0,3.0,1.0,,,,,,
43,106,28616,Daniel-Kofi Kyereh,0.0,24.0,18.0,0.0,2.0,0.0,0.0,0.0,0.0,0.0,0.0,,,,,,
43,106,3063,Danilo Luiz da Silva,0.0,267.0,232.0,0.0,6.0,3.0,2.0,0.0323683795,0.0,1.0,0.0,,,,,,
43,106,13621,Danilo Luís Hélio Pereira,0.0,80.0,72.0,0.0,2.0,1.0,0.0,0.0,0.0,1.0,0.0,,,,,,
43,106,9914,Danny Ward,0.0,39.0,24.0,0.0,0.0,0.0,0.0,0.0,0.0,0.0,0.0,,,,,,
43,106,7145,Darko Lazović,0.0,11.0,7.0,0.0,0.0,0.0,1.0,0.018288644,0.0,0.0,0.0,,,,,,
43,106,32478,Darwin Gabriel Núñez Ribeiro,0.0,54.0,36.0,1.0,4.0,2.0,3.0,0.21691335099999998,0.0,1.0,0.0,,,,,,
43,106,9922,David Junior Hoilett,0.0,55.0,40.0,4.0,6.0,1.0,4.0,0.11914880800000001,0.0,2.0,0.0,,,,,,
43,106,12034,David Raum,0.0,193.0,151.0,7.0,9.0,5.0,0.0,0.0,1.0,6.0,0.0,,,,,,
43,106,9036,David Wotherspoon,0.0,6.0,3.0,0.0,0.0,0.0,0.0,0.0,0.0,0.0,0.0,,,,,,
43,106,4318,Davy Klaassen,0.0,81.0,60.0,1.0,2.0,1.0,2.0,0.43179539,2.0,1.0,1.0,,,,,,
43,106,8519,Dayotchanculle Upamecano,0.0,345.0,305.0,1.0,13.0,4.0,0.0,0.0,0.0,13.0,0.0,,,,,,
43,106,3658,DeAndre Yedlin,0.0,30.0,20.0,0.0,2.0,2.0,0.0,0.0,0.0,0.0,0.0,,,,,,
43,106,3943,Declan Rice,0.0,327.0,306.0,1.0,7.0,3.0,0.0,0.0,0.0,12.0,0.0,,,,,,
43,106,3471,Dejan Lovren,0.0,454.0,407.0,0.0,9.0,3.0,4.0,0.381529793,1.0,7.0,0.0,,,,,,
43,106,5538,Denis Lemi Zakaria Lako Lado,0.0,22.0,19.0,0.0,0.0,1.0,1.0,0.04188712,0.0,5.0,0.0,,,,,,
43,106,12259,Denis Odoi,0.0,2.0,2.0,0.0,1.0,0.0,0.0,0.0,0.0,0.0,0.0,,,,,,
43,106,8125,Denzel Dumfries,0.0,218.0,148.0,0.0,9.0,19.0,2.0,0.283319202,2.0,5.0,1.0,,,,,,
43,106,15326,Devis Rogers Epassy Mboka,0.0,84.0,56.0,0.0,0.0,0.0,0.0,0.0,0.0,0.0,0.0,,,,,,
43,106,28729,Diego Nicolás De La Cruz Arcosa,0.0,24.0,20.0,0.0,0.0,0.0,1.0,0.0429242,0.0,0.0,0.0,,,,,,
43,106,5249,Diego Roberto Godín Leal,0.0,98.0,85.0,0.0,0.0,0.0,1.0,0.054689027,0.0,1.0,0.0,,,,,,
43,106,32975,Diogo Meireles Costa,0.0,159.0,111.0,1.0,0.0,0.0,0.0,0.0,0.0,0.0,0.0,,,,,,
43,106,16026,Djibril Sow,0.0,97.0,88.0,2.0,3.0,3.0,2.0,0.150380136,1.0,2.0,0.0,,,,,,
43,106,91090,Djorkaeff Neicer Reasco González,0.0,3.0,3.0,0.0,0.0,1.0,0.0,0.0,0.0,0.0,0.0,,,,,,
43,106,16531,Dominik Livaković,0.0,228.0,189.0,0.0,0.0,1.0,0.0,0.0,0.0,0.0,0.0,,,,,,
43,106,5630,Dries Mertens,0.0,36.0,24.0,3.0,2.0,0.0,3.0,0.367153732,0.0,0.0,0.0,,,,,,
43,106,3831,Dušan Tadić,0.0,125.0,88.0,7.0,3.0,7.0,1.0,0.061684445,2.0,2.0,0.0,,,,,,
43,106,18015,Dušan Vlahović,0.0,13.0,7.0,0.0,0.0,0.0,3.0,0.76244751,0.0,0.0,1.0,,,,,,
43,106,5655,Dylan Daniel Mahmoud Bronn,0.0,95.0,71.0,0.0,4.0,1.0,1.0,0.059058707,0.0,1.0,0.0,,,,,,
43,106,3621,Eden Hazard,0.0,59.0,46.0,1.0,0.0,0.0,1.0,0.009158539,0.0,1.0,0.0,,,,,,
43,106,3067,Ederson Santana de Moraes,0.0,30.0,28.0,0.0,0.0,0.0,0.0,0.0,0.0,0.0,0.0,,,,,,
43,106,3913,Edimilson Fernandes,0.0,81.0,66.0,3.0,2.0,1.0,1.0,0.029247057,0.0,1.0,0.0,,,,,,
43,106,4319,Edinson Roberto Cavani Gómez,0.0,39.0,29.0,4.0,0.0,0.0,3.0,0.17895877999999998,0.0,1.0,0.0,,,,,,
43,106,7379,Edouard Mendy,0.0,117.0,90.0,0.0,0.0,0.0,0.0,0.0,0.0,0.0,0.0,,,,,,
43,106,5567,Edson Omar Álvarez Velázquez,0.0,109.0,85.0,1.0,4.0,4.0,1.0,0.013687578,0.0,4.0,0.0,,,,,,
43,106,24778,Eduardo Camavinga,0.0,103.0,91.0,2.0,13.0,2.0,0.0,0.0,0.0,2.0,0.0,,,,,,
43,106,5230,Ehsan Hajsafi,0.0,98.0,64.0,2.0,7.0,2.0,1.0,0.068153165,0.0,2.0,0.0,,,,,,
43,106,3767,Ellyes Joris Skhiri,0.0,128.0,109.0,2.0,12.0,4.0,2.0,0.10099208700000001,0.0,5.0,0.0,,,,,,
43,106,28559,Enner Remberto Valencia Lastra,0.0,51.0,39.0,3.0,1.0,3.0,9.0,1.9245922759999998,0.0,2.0,3.0,,,,,,
43,106,7551,Enzo Ebosse,0.0,39.0,34.0,0.0,3.0,1.0,0.0,0.0,0.0,0.0,0.0,,,,,,
43,106,38718,Enzo Fernandez,0.0,470.0,416.0,5.0,20.0,9.0,9.0,1.050628615,1.0,5.0,1.0,,,,,,
43,106,29012,Eray Ervin Cömert,0.0,41.0,37.0,0.0,0.0,4.0,0.0,0.0,0.0,4.0,0.0,,,,,,
43,106,10956,Eric Dier,0.0,42.0,40.0,0.0,1.0,1.0,0.0,0.0,0.0,0.0,0.0,,,,,,
43,106,26301,Ernesto Alexis Vega Rojas,0.0,54.0,38.0,1.0,3.0,2.0,9.0,0.6920090567,0.0,3.0,0.0,,,,,,
43,106,4934,Ethan Ampadu,0.0,144.0,110.0,2.0,6.0,5.0,1.0,0.013776194,0.0,5.0,0.0,,,,,,
43,106,28268,Exequiel Alejandro Palacios,0.0,28.0,24.0,1.0,2.0,3.0,1.0,0.046685893,0.0,2.0,0.0,,,,,,
43,106,8561,Fabian Frei,0.0,13.0,9.0,0.0,1.0,1.0,0.0,0.0,0.0,1.0,0.0,,,,,,
43,106,5537,Fabian Lukas Schär,0.0,80.0,64.0,0.0,4.0,2.0,2.0,0.103672833,0.0,3.0,0.0,,,,,,
43,106,50436,Fabian Rieder,0.0,27.0,14.0,1.0,3.0,4.0,0.0,0.0,0.0,1.0,0.0,,,,,,
43,106,36288,Facundo Pellistri Rebollo,0.0,45.0,35.0,3.0,3.0,2.0,1.0,0.099497445,0.0,1.0,0.0,,,,,,
43,106,13314,Famara Diedhiou,0.0,14.0,10.0,1.0,0.0,2.0,3.0,0.23812019599999998,0.0,0.0,1.0,,,,,,
43,106,6773,Federico Santiago Valverde Dipetta,0.0,186.0,152.0,4.0,6.0,6.0,7.0,0.1166536996,0.0,5.0,0.0,,,,,,
43,106,30111,Felix Eduardo Torres Caicedo,0.0,199.0,159.0,0.0,1.0,1.0,1.0,0.15397952,0.0,3.0,0.0,,,,,,
43,106,5650,Ferjani Sassi,0.0,34.0,25.0,0.0,2.0,1.0,1.0,0.020219443,0.0,0.0,0.0,,,,,,
43,106,6748,Ferrán Torres García,0.0,86.0,62.0,1.0,3.0,1.0,4.0,1.005212115,0.0,0.0,2.0,,,,,,
43,106,5591,Filip Kostić,0.0,112.0,73.0,1.0,3.0,4.0,1.0,0.012009094,0.0,1.0,0.0,,,,,,
43,106,7993,Filip Mladenović,0.0,24.0,19.0,0.0,1.0,0.0,1.0,0.026318645,0.0,0.0,0.0,,,,,,
43,106,7117,Filip Đuričić,0.0,6.0,5.0,1.0,0.0,0.0,0.0,0.0,0.0,0.0,0.0,,,,,,
43,106,51099,Firas Tariq Nasser Al Albirakan,0.0,69.0,46.0,0.0,3.0,2.0,2.0,0.124001969,1.0,2.0,0.0,,,,,,
43,106,3675,Fodé Ballo Touré,0.0,8.0,6.0,0.0,0.0,0.0,0.0,0.0,0.0,1.0,0.0,,,,,,
43,106,28370,Fran Karačić,0.0,55.0,35.0,1.0,3.0,3.0,3.0,0.05547327569999999,0.0,1.0,0.0,,,,,,
43,106,5577,Francisco Guillermo Ochoa Magaña,0.0,108.0,90.0,0.0,0.0,0.0,0.0,0.0,0.0,0.0,0.0,,,,,,
43,106,5600,Francisco Javier Calvo Quesada,0.0,101.0,85.0,0.0,8.0,6.0,1.0,0.014244432,0.0,4.0,0.0,,,,,,
43,106,9904,Frederico Rodrigues Santos,0.0,80.0,68.0,4.0,1.0,4.0,3.0,0.46720207,0.0,1.0,0.0,,,,,,
43,106,8118,Frenkie de Jong,0.0,364.0,327.0,3.0,13.0,6.0,2.0,0.720993446,1.0,3.0,1.0,,,,,,
43,106,3247,Fábio Henrique Tavares,0.0,56.0,50.0,0.0,4.0,2.0,0.0,0.0,0.0,2.0,0.0,,,,,,
43,106,3202,Gabriel Fernando de Jesus,0.0,27.0,23.0,4.0,2.0,1.0,2.0,0.323986363,0.0,1.0,0.0,,,,,,
43,106,29976,Gabriel Teodoro Martinelli Silva,0.0,46.0,34.0,3.0,1.0,2.0,4.0,0.40582978700000005,0.0,0.0,0.0,,,,,,
43,106,227697,Garang Kuol,0.0,4.0,3.0,0.0,0.0,1.0,1.0,0.23394231,0.0,1.0,0.0,,,,,,
43,106,6399,Gareth Frank Bale,0.0,55.0,34.0,2.0,1.0,2.0,2.0,0.8052008399999999,0.0,1.0,1.0,,,,,,
43,106,28966,Gaël Ondoua,0.0,19.0,17.0,0.0,1.0,2.0,0.0,0.0,0.0,2.0,0.0,,,,,,
43,106,3639,Georges-Kévin Nkoudou Mbida,0.0,11.0,9.0,0.0,1.0,1.0,1.0,0.0070103277,0.0,0.0,0.0,,,,,,
43,106,7161,Germán Alejandro Pezzella,0.0,49.0,47.0,0.0,0.0,2.0,1.0,0.04452438,0.0,0.0,0.0,,,,,,
43,106,132497,Gerson Torres Barrantes,0.0,17.0,17.0,0.0,0.0,2.0,1.0,0.01353695,0.0,0.0,0.0,,,,,,
43,106,6347,Ghilane Chalali,0.0,5.0,4.0,0.0,0.0,1.0,0.0,0.0,0.0,1.0,0.0,,,,,,
43,106,23615,Gideon Mensah,0.0,45.0,35.0,1.0,1.0,0.0,0.0,0.0,0.0,2.0,0.0,,,,,,
43,106,5258,Giorgian Daniel De Arrascaeta Benedetti,0.0,51.0,34.0,3.0,5.0,0.0,3.0,1.13451217,0.0,0.0,2.0,,,,,,
43,106,34339,Giovanni Reyna,0.0,35.0,26.0,3.0,0.0,0.0,2.0,0.08602206000000001,0.0,0.0,0.0,,,,,,
43,106,11493,Gleison Bremer Silva Nascimento,0.0,85.0,79.0,0.0,1.0,2.0,1.0,0.34439024,0.0,0.0,0.0,,,,,,
43,106,28263,Gonzalo Ariel Montiel,0.0,82.0,71.0,3.0,1.0,4.0,3.0,1.587604363,0.0,1.0,2.0,,,,,,
43,106,31152,Gonzalo Jordy Plata Jiménez,0.0,104.0,78.0,2.0,4.0,4.0,2.0,0.105323937,0.0,3.0,0.0,,,,,,
43,106,38803,Gonçalo Matias Ramos,0.0,30.0,24.0,1.0,1.0,2.0,7.0,1.6710897059999998,1.0,0.0,3.0,,,,,,
43,106,3500,Granit Xhaka,0.0,240.0,211.0,2.0,9.0,5.0,6.0,0.295522079,0.0,4.0,0.0,,,,,,
43,106,17974,Gregor Kobel,0.0,29.0,19.0,0.0,0.0,0.0,0.0,0.0,0.0,0.0,0.0,,,,,,
43,106,3637,Grzegorz Krychowiak,0.0,127.0,97.0,2.0,7.0,9.0,1.0,0.02170277,0.0,7.0,0.0,,,,,,
43,106,40542,Gue-Sung Cho,0.0,60.0,39.0,1.0,0.0,8.0,8.0,0.7125890399999999,0.0,1.0,2.0,,,,,,
43,106,26404,Guido Rodríguez,0.0,62.0,54.0,0.0,2.0,0.0,0.0,0.0,0.0,0.0,0.0,,,,,,
43,106,5264,Guillermo Varela Olivera,0.0,91.0,62.0,1.0,4.0,3.0,0.0,0.0,0.0,1.0,0.0,,,,,,
43,106,121539,Haitham Mohammed Asiri,0.0,2.0,1.0,0.0,1.0,1.0,0.0,0.0,0.0,0.0,0.0,,,,,,
43,106,22008,Haji Wright,0.0,27.0,20.0,1.0,2.0,1.0,7.0,0.658172932,0.0,0.0,1.0,,,,,,
43,106,5237,Hakim Ziyech,0.0,300.0,210.0,6.0,14.0,11.0,11.0,1.095816526,1.0,14.0,2.0,,,,,,
43,106,50988,Hannibal Mejbri,0.0,2.0,2.0,0.0,0.0,0.0,0.0,0.0,0.0,1.0,0.0,,,,,,
43,106,5543,Haris Seferović,0.0,14.0,10.0,1.0,0.0,1.0,1.0,0.27028984,0.0,0.0,0.0,,,,,,
43,106,10955,Harry Kane,0.0,98.0,65.0,2.0,2.0,1.0,12.0,2.3309799429999996,3.0,0.0,2.0,,,,,,
43,106,3336,Harry Maguire,0.0,409.0,354.0,0.0,6.0,6.0,6.0,0.48995566300000004,1.0,5.0,0.0,,,,,,
43,106,22293,Harry Souttar,0.0,163.0,135.0,1.0,7.0,1.0,1.0,0.06809473,0.0,3.0,0.0,,,,,,
43,106,9540,Harry Wilson,0.0,62.0,48.0,3.0,3.0,1.0,2.0,0.061493684,0.0,1.0,0.0,,,,,,
43,106,124488,Hassan Khalid Al Heidos,0.0,77.0,63.0,2.0,2.0,4.0,1.0,0.015712837,0.0,1.0,0.0,,,,,,
43,106,51546,Hassan Mohammed Al-Tambakti,0.0,49.0,37.0,0.0,6.0,2.0,0.0,0.0,0.0,6.0,0.0,,,,,,
43,106,5188,Hattan Babhir,0.0,5.0,3.0,0.0,0.0,2.0,0.0,0.0,1.0,0.0,0.0,,,,,,
43,106,5620,Hee-Chan Hwang,0.0,57.0,46.0,1.0,2.0,3.0,6.0,0.5679465854,0.0,1.0,1.0,,,,,,
43,106,26400,Henry Josué Martín Mex,0.0,22.0,15.0,4.0,1.0,3.0,4.0,0.6686734000000001,0.0,2.0,1.0,,,,,,
43,106,37522,Hernán Ismael Galíndez,0.0,77.0,44.0,0.0,0.0,0.0,0.0,0.0,0.0,0.0,0.0,,,,,,
43,106,3083,Heung-Min Son,0.0,122.0,84.0,5.0,5.0,1.0,9.0,0.453828075,1.0,1.0,0.0,,,,,,
43,106,37221,Hidemasa Morita,0.0,161.0,128.0,3.0,0.0,4.0,3.0,0.190594476,0.0,3.0,0.0,,,,,,
43,106,95272,Hiroki Ito,0.0,63.0,58.0,1.0,0.0,3.0,0.0,0.0,0.0,0.0,0.0,,,,,,
43,106,3530,Hiroki Sakai,0.0,46.0,31.0,1.0,6.0,3.0,1.0,0.28772855,0.0,1.0,0.0,,,,,,
43,106,5571,Hirving Rodrigo Lozano Bahena,0.0,74.0,41.0,8.0,7.0,7.0,6.0,0.2404056804,0.0,1.0,0.0,,,,,,
43,106,124900,Homam Alamin Ahmed,0.0,103.0,77.0,2.0,3.0,5.0,0.0,0.0,0.0,2.0,0.0,,,,,,
43,106,3099,Hugo Lloris,0.0,182.0,111.0,0.0,0.0,0.0,0.0,0.0,0.0,0.0,0.0,,,,,,
43,106,5573,Héctor Alfredo Moreno Herrera,0.0,191.0,166.0,1.0,1.0,3.0,1.0,0.1766503,0.0,2.0,0.0,,,,,,
43,106,5575,Héctor Miguel Herrera López,0.0,75.0,63.0,1.0,5.0,5.0,0.0,0.0,0.0,2.0,0.0,,,,,,
43,106,11135,Ibrahima Konaté,0.0,228.0,209.0,2.0,13.0,2.0,2.0,0.17601235,0.0,9.0,0.0,,,,,,
43,106,3436,Idrissa Gana Gueye,0.0,131.0,106.0,1.0,2.0,3.0,4.0,0.332398158,0.0,4.0,0.0,,,,,,
43,106,16275,Ikoma Loïs Openda,0.0,5.0,3.0,0.0,1.0,0.0,0.0,0.0,0.0,0.0,0.0,,,,,,
43,106,21214,Ilias Chair,0.0,15.0,13.0,0.0,1.0,0.0,0.0,0.0,0.0,1.0,0.0,,,,,,
43,106,80484,Iliman Ndiaye,0.0,35.0,28.0,0.0,0.0,0.0,2.0,0.07411676,1.0,1.0,0.0,,,,,,
43,106,23763,In-Beom Hwang,0.0,247.0,199.0,3.0,4.0,7.0,6.0,0.197748277,0.0,3.0,0.0,,,,,,
43,106,124899,Ismaeel Mohammad Mohammad,0.0,67.0,53.0,0.0,3.0,1.0,2.0,0.35790671,1.0,3.0,0.0,,,,,,
43,106,133229,Ismael Koné,0.0,102.0,96.0,1.0,1.0,0.0,0.0,0.0,0.0,0.0,0.0,,,,,,
43,106,32915,Ismail Jakobs,0.0,157.0,105.0,4.0,5.0,2.0,1.0,0.014392905,1.0,3.0,0.0,,,,,,
43,106,2941,Ismaïla Sarr,0.0,81.0,57.0,6.0,5.0,3.0,10.0,1.848790219,0.0,3.0,1.0,,,,,,
43,106,16352,Issam Jebali,0.0,37.0,29.0,2.0,2.0,7.0,3.0,0.5930872340000001,0.0,0.0,0.0,,,,,,
43,106,30179,Ivan Ilić,0.0,20.0,19.0,1.0,0.0,0.0,0.0,0.0,0.0,1.0,0.0,,,,,,
43,106,5474,Ivan Perišić,0.0,304.0,214.0,6.0,11.0,11.0,16.0,0.7556302263,3.0,11.0,1.0,,,,,,
43,106,6393,Iñaki Williams Arthuer,0.0,44.0,33.0,1.0,4.0,4.0,2.0,0.126027007,0.0,0.0,0.0,,,,,,
43,106,9638,Jack Grealish,0.0,56.0,49.0,2.0,3.0,0.0,1.0,0.6262809,0.0,2.0,1.0,,,,,,
43,106,51969,Jackson Gabriel Porozo Vernaza,0.0,42.0,37.0,0.0,2.0,1.0,1.0,0.052534856,0.0,5.0,0.0,,,,,,
43,106,5490,Jackson Irvine,0.0,129.0,107.0,1.0,6.0,9.0,3.0,0.33239220599999997,0.0,7.0,0.0,,,,,,
43,106,5623,Jae-Sung Lee,0.0,96.0,84.0,2.0,8.0,2.0,1.0,0.021393217,0.0,3.0,0.0,,,,,,
43,106,31955,Jakub Kamiński,0.0,59.0,35.0,2.0,3.0,5.0,4.0,0.26249409,0.0,1.0,0.0,,,,,,
43,106,44166,Jakub Piotr Kiwior,0.0,201.0,169.0,0.0,3.0,1.0,1.0,0.12449861,0.0,4.0,0.0,,,,,,
43,106,39565,Jamal Musiala,0.0,117.0,94.0,7.0,2.0,1.0,11.0,1.152516099,0.0,3.0,0.0,,,,,,
43,106,9980,Jamie MacLaren,0.0,16.0,7.0,1.0,0.0,1.0,0.0,0.0,0.0,1.0,0.0,,,,,,
43,106,4626,Jan Bednarek,0.0,6.0,6.0,0.0,0.0,0.0,0.0,0.0,0.0,0.0,0.0,,,,,,
43,106,3077,Jan Vertonghen,0.0,264.0,237.0,0.0,0.0,0.0,2.0,0.10772621,0.0,3.0,0.0,,,,,,
43,106,9430,Jason Cummings,0.0,6.0,4.0,0.0,0.0,0.0,0.0,0.0,0.0,0.0,0.0,,,,,,
43,106,7459,Jawad El Yamiq,0.0,160.0,143.0,0.0,4.0,2.0,1.0,0.06408756,0.0,5.0,0.0,,,,,,
43,106,7426,Jean-Charles Castelletto,0.0,78.0,63.0,0.0,2.0,1.0,1.0,0.8945071,1.0,6.0,1.0,,,,,,
43,106,3499,Jean-Eric Maxim Choupo-Moting,0.0,69.0,47.0,2.0,2.0,0.0,3.0,0.5235422875,0.0,1.0,1.0,,,,,,
43,106,23650,Jeremy Doku,0.0,14.0,8.0,0.0,0.0,0.0,0.0,0.0,0.0,0.0,0.0,,,,,,
43,106,40211,Jeremy Leonel Sarmiento Morante,0.0,33.0,24.0,2.0,4.0,2.0,1.0,0.02928531,0.0,1.0,0.0,,,,,,
43,106,33813,Jerome Ngom Mbekeli,0.0,2.0,1.0,0.0,0.0,0.0,0.0,0.0,1.0,0.0,0.0,,,,,,
43,106,27569,Jesper Lindstrøm,0.0,54.0,38.0,0.0,2.0,4.0,3.0,0.33418314800000004,0.0,5.0,0.0,,,,,,
43,106,22433,Jesus Ferreira,0.0,20.0,17.0,0.0,0.0,0.0,0.0,0.0,0.0,0.0,0.0,,,,,,
43,106,5576,Jesús Daniel Gallardo Vasconcelos,0.0,138.0,97.0,2.0,11.0,4.0,1.0,0.06430086,0.0,4.0,0.0,,,,,,
43,106,132728,Jewison Bennette,0.0,15.0,11.0,0.0,1.0,0.0,1.0,0.037811525,0.0,0.0,0.0,,,,,,
43,106,23830,Jhegson Sebastián Méndez Carabalí,0.0,141.0,130.0,2.0,3.0,4.0,0.0,0.0,0.0,1.0,0.0,,,,,,
43,106,40538,Jin-Su Kim,0.0,141.0,102.0,4.0,9.0,1.0,3.0,0.285274066,1.0,7.0,0.0,,,,,,
43,106,8247,Joachim Andersen,0.0,245.0,199.0,0.0,4.0,5.0,4.0,0.1448613,0.0,4.0,0.0,,,,,,
43,106,16554,Joakim Mæhle,0.0,145.0,120.0,1.0,11.0,1.0,2.0,0.042316963,0.0,3.0,0.0,,,,,,
43,106,10931,Joe Allen,0.0,36.0,30.0,1.0,1.0,1.0,2.0,0.063709024,0.0,1.0,0.0,,,,,,
43,106,11250,Joe Rodon,0.0,162.0,147.0,0.0,3.0,3.0,0.0,0.0,0.0,3.0,0.0,,,,,,
43,106,5581,Joel Nathaniel Campbell Samuels,0.0,137.0,105.0,1.0,8.0,3.0,1.0,0.051288527,0.0,0.0,0.0,,,,,,
43,106,5595,Johan Alberto Venegas Ulloa,0.0,14.0,11.0,0.0,0.0,1.0,0.0,0.0,0.0,1.0,0.0,,,,,,
43,106,3244,John Stones,0.0,450.0,430.0,1.0,3.0,4.0,4.0,0.587418711,0.0,2.0,0.0,,,,,,
43,106,8804,Jonas Hofmann,0.0,20.0,16.0,1.0,0.0,0.0,1.0,0.32657883,0.0,0.0,0.0,,,,,,
43,106,23640,Jonathan David,0.0,59.0,43.0,0.0,1.0,1.0,8.0,0.812813505,0.0,0.0,0.0,,,,,,
43,106,12770,Jonathan Osorio,0.0,60.0,54.0,0.0,1.0,2.0,1.0,0.03829635,0.0,0.0,0.0,,,,,,
43,106,3450,Jordan Ayew,0.0,44.0,34.0,2.0,3.0,2.0,1.0,0.07146578,1.0,1.0,0.0,,,,,,
43,106,3532,Jordan Brian Henderson,0.0,166.0,141.0,4.0,3.0,6.0,2.0,0.148950994,0.0,1.0,1.0,,,,,,
43,106,23789,Jordan Morris,0.0,4.0,2.0,0.0,0.0,0.0,0.0,0.0,0.0,0.0,0.0,,,,,,
43,106,3468,Jordan Pickford,0.0,161.0,126.0,0.0,0.0,0.0,0.0,0.0,0.0,0.0,0.0,,,,,,
43,106,7153,Jordan Veretout,0.0,35.0,32.0,0.0,2.0,2.0,0.0,0.0,0.0,0.0,0.0,,,,,,
43,106,5211,Jordi Alba Ramos,0.0,371.0,329.0,3.0,5.0,4.0,2.0,0.045861136,2.0,5.0,0.0,,,,,,
43,106,26406,Jorge Eduardo Sánchez Ramos,0.0,86.0,72.0,0.0,2.0,5.0,1.0,0.0069717234,0.0,5.0,0.0,,,,,,
43,106,5199,Jorge Resurrección Merodio,0.0,63.0,56.0,0.0,1.0,0.0,0.0,0.0,0.0,2.0,0.0,,,,,,
43,106,22074,Joseff Morrell,0.0,13.0,12.0,0.0,4.0,2.0,0.0,0.0,0.0,1.0,0.0,,,,,,
43,106,5579,Joshua Kimmich,0.0,271.0,229.0,8.0,4.0,3.0,7.0,0.33451819800000004,0.0,7.0,0.0,,,,,,
43,106,22168,Joshua Sargent,0.0,34.0,30.0,1.0,0.0,3.0,4.0,0.362028482,0.0,1.0,0.0,,,,,,
43,106,29163,Josip Juranović,0.0,406.0,326.0,6.0,13.0,1.0,1.0,0.041306578,1.0,6.0,0.0,,,,,,
43,106,49337,Josip Stanišić,0.0,49.0,36.0,0.0,3.0,1.0,1.0,0.040524755,0.0,1.0,0.0,,,,,,
43,106,37148,Josip Šutalo,0.0,66.0,62.0,0.0,0.0,0.0,0.0,0.0,0.0,0.0,0.0,,,,,,
43,106,36148,José Adoni Cifuentes Charcopa,0.0,43.0,33.0,0.0,1.0,3.0,1.0,0.025271386,0.0,0.0,0.0,,,,,,
43,106,5563,José Andrés Guardado Hernández,0.0,16.0,11.0,0.0,3.0,2.0,0.0,0.0,0.0,0.0,0.0,,,,,,
43,106,16028,José Diogo Dalot Teixeira,0.0,142.0,115.0,3.0,8.0,1.0,1.0,0.036435805,1.0,3.0,0.0,,,,,,
43,106,5248,José Martín Cáceres Silva,0.0,81.0,68.0,0.0,2.0,1.0,0.0,0.0,0.0,2.0,0.0,,,,,,
43,106,5259,José María Giménez de Vargas,0.0,167.0,140.0,1.0,4.0,4.0,3.0,0.129368291,0.0,6.0,0.0,,,,,,
43,106,12041,João Félix Sequeira,0.0,122.0,94.0,1.0,3.0,8.0,11.0,0.669207472,2.0,1.0,1.0,,,,,,
43,106,12169,João Maria Lobo Alves Palhinha Gonçalves,0.0,30.0,26.0,2.0,2.0,2.0,1.0,0.021024177,0.0,1.0,0.0,,,,,,
43,106,4272,João Mário Naval da Costa Eduardo,0.0,40.0,37.0,0.0,2.0,0.0,0.0,0.0,0.0,1.0,0.0,,,,,,
43,106,7005,João Pedro Cavaco Cancelo,0.0,269.0,224.0,1.0,9.0,2.0,2.0,0.054823571,0.0,3.0,0.0,,,,,,
43,106,33018,Joško Gvardiol,0.0,510.0,463.0,1.0,15.0,9.0,2.0,0.186105118,0.0,14.0,1.0,,,,,,
43,106,21081,Juan Marcos Foyth,0.0,4.0,3.0,0.0,0.0,0.0,0.0,0.0,0.0,0.0,0.0,,,,,,
43,106,27163,Juan Pablo Vargas Campos,0.0,28.0,22.0,0.0,4.0,0.0,1.0,0.18427365,0.0,4.0,0.0,,,,,,
43,106,30714,Jude Bellingham,0.0,275.0,242.0,3.0,15.0,6.0,5.0,0.8412563740000001,1.0,4.0,1.0,,,,,,
43,106,4445,Jules Koundé,0.0,308.0,258.0,2.0,9.0,5.0,4.0,0.169605826,0.0,3.0,0.0,,,,,,
43,106,10530,Jules Olivier Ntcham,0.0,12.0,11.0,1.0,0.0,0.0,1.0,0.03332142,0.0,0.0,0.0,,,,,,
43,106,29560,Julián Álvarez,0.0,124.0,93.0,2.0,6.0,16.0,11.0,1.908327433,0.0,2.0,4.0,,,,,,
43,106,40558,Jun-Ho Son,0.0,61.0,56.0,0.0,3.0,4.0,0.0,0.0,0.0,2.0,0.0,,,,,,
43,106,23527,Junya Ito,0.0,98.0,63.0,3.0,5.0,1.0,2.0,0.11059656,1.0,5.0,0.0,,,,,,
43,106,21809,Jurriën David Norman Timber,0.0,316.0,286.0,0.0,14.0,16.0,0.0,0.0,0.0,5.0,0.0,,,,,,
43,106,8966,Kai Havertz,0.0,33.0,26.0,2.0,1.0,4.0,5.0,1.155300964,0.0,1.0,2.0,,,,,,
43,106,5675,Kalidou Koulibaly,0.0,196.0,152.0,1.0,10.0,3.0,1.0,0.23427999,0.0,6.0,1.0,,,,,,
43,106,4706,Kalvin Phillips,0.0,19.0,18.0,0.0,0.0,1.0,0.0,0.0,1.0,1.0,0.0,,,,,,
43,106,23828,Kamal Miller,0.0,199.0,184.0,0.0,5.0,0.0,0.0,0.0,0.0,8.0,0.0,,,,,,
43,106,35658,Kamaldeen Sulemana,0.0,20.0,11.0,0.0,0.0,2.0,1.0,0.081227794,0.0,0.0,0.0,,,,,,
43,106,3034,Kamil Glik,0.0,130.0,122.0,0.0,4.0,2.0,3.0,0.150632187,0.0,4.0,0.0,,,,,,
43,106,5667,Kamil Grosicki,0.0,6.0,4.0,1.0,0.0,0.0,0.0,0.0,0.0,0.0,0.0,,,,,,
43,106,22740,Kang-In Lee,0.0,77.0,61.0,3.0,3.0,3.0,5.0,0.117975209,1.0,0.0,0.0,,,,,,
43,106,37211,Kaoru Mitoma,0.0,73.0,54.0,2.0,4.0,3.0,2.0,0.837634306,1.0,2.0,0.0,,,,,,
43,106,5231,Karim Ansarifard,0.0,6.0,5.0,1.0,0.0,0.0,1.0,0.06399969,0.0,1.0,0.0,,,,,,
43,106,124492,Karim Boudiaf,0.0,107.0,94.0,0.0,1.0,3.0,0.0,0.0,0.0,0.0,0.0,,,,,,
43,106,3551,Karl Brillant Toko Ekambi,0.0,52.0,42.0,3.0,1.0,0.0,2.0,0.1803258,0.0,2.0,0.0,,,,,,
43,106,8836,Karol Świderski,0.0,8.0,7.0,0.0,2.0,0.0,0.0,0.0,0.0,1.0,0.0,,,,,,
43,106,6302,Kasper Dolberg,0.0,18.0,17.0,1.0,1.0,2.0,4.0,0.511986249,0.0,0.0,0.0,,,,,,
43,106,3815,Kasper Schmeichel,0.0,87.0,72.0,0.0,0.0,0.0,0.0,0.0,0.0,0.0,0.0,,,,,,
43,106,33488,Keanu Baccus,0.0,40.0,26.0,0.0,2.0,5.0,1.0,0.035468098,0.0,2.0,0.0,,,,,,
43,106,13035,Kellyn Kai Perry-Acosta,0.0,12.0,10.0,0.0,2.0,1.0,0.0,0.0,0.0,0.0,0.0,,,,,,
43,106,6328,Kendall Jamaal Waston Manley,0.0,77.0,65.0,0.0,5.0,2.0,1.0,0.099276,0.0,5.0,0.0,,,,,,
43,106,21879,Kenneth Taylor,0.0,9.0,9.0,0.0,0.0,0.0,0.0,0.0,0.0,0.0,0.0,,,,,,
43,106,3089,Kevin De Bruyne,0.0,140.0,100.0,8.0,1.0,0.0,7.0,0.1779663248,0.0,1.0,0.0,,,,,,
43,106,348757,Kevin José Rodríguez Cortez,0.0,1.0,0.0,0.0,1.0,1.0,1.0,0.13848205,0.0,0.0,0.0,,,,,,
43,106,30500,Kevin Nahin Álvarez Campos,0.0,24.0,18.0,0.0,1.0,0.0,0.0,0.0,0.0,4.0,0.0,,,,,,
43,106,5597,Keylor Navas Gamboa,0.0,101.0,55.0,0.0,0.0,0.0,0.0,0.0,0.0,0.0,0.0,,,,,,
43,106,130185,Keysher Fuller Spence,0.0,61.0,43.0,1.0,4.0,2.0,3.0,0.31160433,0.0,5.0,1.0,,,,,,
43,106,3853,Kieffer Roberto Francisco Moore,0.0,60.0,41.0,4.0,2.0,5.0,6.0,0.6403291090000001,0.0,1.0,0.0,,,,,,
43,106,3308,Kieran Trippier,0.0,195.0,165.0,3.0,7.0,2.0,1.0,0.042866398,0.0,1.0,0.0,,,,,,
43,106,8217,Kingsley Coman,0.0,70.0,54.0,1.0,3.0,1.0,2.0,0.8713631399999999,0.0,3.0,0.0,,,,,,
43,106,20016,Kléper Laveran Lima Ferreira,0.0,295.0,252.0,0.0,4.0,3.0,3.0,0.33506425,0.0,3.0,1.0,,,,,,
43,106,29595,Ko Itakura,0.0,111.0,102.0,0.0,8.0,5.0,3.0,0.162244075,1.0,4.0,0.0,,,,,,
43,106,32602,Kristijan Jakić,0.0,0.0,0.0,0.0,0.0,0.0,0.0,0.0,0.0,0.0,0.0,,,,,,
43,106,11737,Krystian Bielik,0.0,98.0,90.0,0.0,5.0,6.0,2.0,0.136828873,0.0,5.0,0.0,,,,,,
43,106,12493,Krzysztof Piątek,0.0,6.0,3.0,0.0,0.0,0.0,1.0,0.02819521,0.0,0.0,0.0,,,,,,
43,106,20758,Krépin Diatta,0.0,76.0,62.0,3.0,1.0,4.0,3.0,0.128994183,0.0,1.0,0.0,,,,,,
43,106,33495,Kye Rowles,0.0,195.0,170.0,0.0,6.0,1.0,0.0,0.0,0.0,5.0,0.0,,,,,,
43,106,3205,Kyle Walker,0.0,177.0,159.0,0.0,1.0,3.0,0.0,0.0,0.0,7.0,0.0,,,,,,
43,106,3009,Kylian Mbappé Lottin,0.0,233.0,180.0,9.0,0.0,8.0,32.0,5.016751877,2.0,1.0,9.0,,,,,,
43,106,40564,Kyung-Won Kwon,0.0,43.0,40.0,0.0,0.0,0.0,1.0,0.005484339,0.0,3.0,0.0,,,,,,
43,106,11456,Lautaro Javier Martínez,0.0,63.0,46.0,0.0,0.0,3.0,15.0,2.905046753,0.0,1.0,1.0,,,,,,
43,106,8108,Lawrence Ati-Zigi,0.0,76.0,51.0,0.0,0.0,0.0,0.0,0.0,0.0,0.0,0.0,,,,,,
43,106,6331,Leander Dendoncker,0.0,119.0,117.0,1.0,3.0,3.0,1.0,0.08894938,0.0,2.0,0.0,,,,,,
43,106,16308,Leandro Daniel Paredes,0.0,240.0,227.0,2.0,11.0,7.0,3.0,1.5813709569999999,0.0,3.0,2.0,,,,,,
43,106,16559,Leandro Trossard,0.0,57.0,43.0,2.0,1.0,0.0,0.0,0.0,0.0,0.0,0.0,,,,,,
43,106,6324,Leon Goretzka,0.0,59.0,46.0,1.0,4.0,5.0,4.0,0.46069594999999997,0.0,2.0,0.0,,,,,,
43,106,3053,Leroy Sané,0.0,56.0,48.0,4.0,2.0,0.0,3.0,0.18344244999999998,1.0,1.0,0.0,,,,,,
43,106,23363,Liam Millar,0.0,9.0,5.0,0.0,0.0,1.0,0.0,0.0,0.0,0.0,0.0,,,,,,
43,106,5503,Lionel Andrés Messi Cuccittini,0.0,371.0,306.0,16.0,5.0,11.0,34.0,7.598649225,3.0,0.0,9.0,,,,,,
43,106,27768,Lisandro Martínez,0.0,154.0,132.0,0.0,8.0,2.0,1.0,0.33156127,0.0,3.0,0.0,,,,,,
43,106,28914,Lovro Majer,0.0,98.0,80.0,1.0,2.0,5.0,5.0,1.5922397369999999,0.0,2.0,2.0,,,,,,
43,106,26348,Lucas Daniel Cavallini,0.0,3.0,3.0,0.0,0.0,1.0,0.0,0.0,0.0,0.0,0.0,,,,,,
43,106,5484,Lucas Hernández Pi,0.0,10.0,6.0,0.0,0.0,0.0,0.0,0.0,0.0,0.0,0.0,,,,,,
43,106,22600,Lucas Tolentino Coelho de Lima,0.0,202.0,172.0,5.0,8.0,4.0,4.0,0.704333275,1.0,2.0,1.0,,,,,,
43,106,5246,Luis Alberto Suárez Díaz,0.0,40.0,26.0,0.0,1.0,0.0,2.0,0.361762436,1.0,0.0,0.0,,,,,,
43,106,28825,Luis Gerardo Chávez Magallón,0.0,144.0,104.0,4.0,3.0,3.0,10.0,0.2156515785,0.0,4.0,1.0,,,,,,
43,106,6319,Luka Jović,0.0,10.0,7.0,1.0,0.0,1.0,2.0,0.05817553,0.0,1.0,0.0,,,,,,
43,106,5463,Luka Modrić,0.0,549.0,463.0,6.0,13.0,15.0,7.0,1.12735736,0.0,17.0,1.0,,,,,,
43,106,8507,Lukas Klostermann,0.0,47.0,46.0,0.0,3.0,1.0,0.0,0.0,0.0,1.0,0.0,,,,,,
43,106,3382,Luke Shaw,0.0,403.0,340.0,7.0,2.0,5.0,3.0,0.084394449,1.0,3.0,0.0,,,,,,
43,106,20033,Luuk de Jong,0.0,11.0,8.0,1.0,2.0,2.0,2.0,0.8364073399999999,0.0,0.0,1.0,,,,,,
43,106,5570,Manuel Neuer,0.0,123.0,111.0,0.0,0.0,0.0,0.0,0.0,0.0,0.0,0.0,,,,,,
43,106,5549,Manuel Obafemi Akanji,0.0,255.0,229.0,1.0,4.0,6.0,4.0,0.8826694319999999,0.0,4.0,1.0,,,,,,
43,106,5469,Marcelo Brozović,0.0,529.0,472.0,5.0,12.0,14.0,5.0,1.368818893,0.0,10.0,1.0,,,,,,
43,106,5719,Marco Asensio Willemsen,0.0,117.0,92.0,2.0,1.0,3.0,10.0,0.608190739,0.0,0.0,1.0,,,,,,
43,106,4372,Marcos Aoás Corrêa,0.0,359.0,345.0,5.0,5.0,1.0,2.0,0.86164184,0.0,3.0,0.0,,,,,,
43,106,19597,Marcos Javier Acuña,0.0,217.0,170.0,5.0,11.0,9.0,2.0,0.076122072,0.0,3.0,0.0,,,,,,
43,106,6840,Marcos Llorente Moreno,0.0,104.0,94.0,0.0,1.0,1.0,1.0,0.024551911,0.0,1.0,0.0,,,,,,
43,106,3318,Marcus Rashford,0.0,66.0,49.0,0.0,2.0,1.0,11.0,1.382585795,0.0,1.0,3.0,,,,,,
43,106,2972,Marcus Thuram,0.0,45.0,32.0,2.0,3.0,3.0,1.0,0.115658596,2.0,2.0,0.0,,,,,,
43,106,8227,Mario Götze,0.0,16.0,15.0,2.0,3.0,0.0,1.0,0.066507556,0.0,0.0,0.0,,,,,,
43,106,11603,Mario Pašalić,0.0,93.0,77.0,1.0,10.0,4.0,4.0,0.9502076909999999,0.0,3.0,1.0,,,,,,
43,106,16252,Mark Anthony Kaye,0.0,57.0,50.0,0.0,2.0,1.0,1.0,0.038882375,0.0,1.0,0.0,,,,,,
43,106,3512,Marko Grujić,0.0,17.0,14.0,0.0,1.0,1.0,1.0,0.027356416,0.0,0.0,0.0,,,,,,
43,106,22041,Marko Livaja,0.0,57.0,35.0,1.0,1.0,7.0,7.0,1.7739847910000002,1.0,1.0,1.0,,,,,,
43,106,6994,Marten de Roon,0.0,122.0,99.0,0.0,8.0,3.0,0.0,0.0,0.0,1.0,0.0,,,,,,
43,106,4447,Martin Braithwaite Christensen,0.0,19.0,13.0,2.0,0.0,0.0,1.0,0.23786028,0.0,0.0,0.0,,,,,,
43,106,30016,Martin Hongla Yma II,0.0,64.0,52.0,2.0,0.0,1.0,1.0,0.08237888,0.0,3.0,0.0,,,,,,
43,106,7843,Mason Mount,0.0,72.0,62.0,1.0,2.0,7.0,4.0,0.18183271299999998,0.0,1.0,0.0,,,,,,
43,106,5456,Mateo Kovačić,0.0,456.0,416.0,9.0,25.0,3.0,3.0,0.34514701999999997,0.0,8.0,0.0,,,,,,
43,106,40874,Matheus Luiz Nunes,0.0,33.0,25.0,0.0,0.0,2.0,1.0,0.007849269,0.0,0.0,0.0,,,,,,
43,106,5481,Mathew Leckie,0.0,103.0,69.0,1.0,4.0,8.0,1.0,0.11353828,1.0,2.0,1.0,,,,,,
43,106,3240,Mathew Ryan,0.0,163.0,112.0,0.0,0.0,0.0,0.0,0.0,0.0,0.0,0.0,,,,,,
43,106,18722,Mathias Jensen,0.0,68.0,53.0,4.0,2.0,2.0,2.0,0.048329171000000004,0.0,0.0,0.0,,,,,,
43,106,7104,Mathías Olivera Miramontes,0.0,133.0,108.0,6.0,10.0,2.0,2.0,0.08097578899999999,0.0,4.0,0.0,,,,,,
43,106,12352,Matthew Charles Turner,0.0,126.0,98.0,0.0,0.0,0.0,0.0,0.0,0.0,0.0,0.0,,,,,,
43,106,8808,Matthias Ginter,0.0,3.0,3.0,0.0,0.0,0.0,0.0,0.0,0.0,0.0,0.0,,,,,,
43,106,8069,Matthijs de Ligt,0.0,45.0,40.0,0.0,0.0,5.0,0.0,0.0,0.0,1.0,0.0,,,,,,
43,106,4734,Matty Cash,0.0,156.0,121.0,2.0,8.0,7.0,1.0,0.023505978,0.0,2.0,0.0,,,,,,
43,106,7345,Mattéo Guendouzi Olié,0.0,32.0,28.0,0.0,0.0,0.0,0.0,0.0,0.0,0.0,0.0,,,,,,
43,106,34476,Matías Nicolás Viña Susperreguy,0.0,20.0,12.0,0.0,4.0,1.0,0.0,0.0,0.0,0.0,0.0,,,,,,
43,106,5255,Matías Vecino Falero,0.0,103.0,82.0,1.0,4.0,4.0,1.0,0.052239094,0.0,5.0,0.0,,,,,,
43,106,6297,Maximiliano Gómez González,0.0,7.0,4.0,0.0,0.0,1.0,2.0,0.077775581,0.0,0.0,0.0,,,,,,
43,106,3300,Maya Yoshida,0.0,227.0,201.0,0.0,4.0,4.0,1.0,0.7835,0.0,9.0,0.0,,,,,,
43,106,5226,Mehdi Taremi,0.0,82.0,60.0,6.0,2.0,5.0,6.0,1.37814372,1.0,2.0,2.0,,,,,,
43,106,124161,Mehdi Torabi,0.0,37.0,31.0,2.0,0.0,0.0,2.0,0.09684943,0.0,3.0,0.0,,,,,,
43,106,2988,Memphis Depay,0.0,127.0,96.0,3.0,0.0,4.0,10.0,1.181855992,0.0,1.0,1.0,,,,,,
43,106,124510,Meshaal Aissa Barsham,0.0,63.0,44.0,1.0,0.0,0.0,0.0,0.0,0.0,0.0,0.0,,,,,,
43,106,34396,Michael Steveen Estrada Martínez,0.0,43.0,30.0,1.0,1.0,6.0,3.0,0.246376532,0.0,0.0,0.0,,,,,,
43,106,28453,Michał Skóraś,0.0,9.0,8.0,0.0,0.0,1.0,1.0,0.026707038,0.0,1.0,0.0,,,,,,
43,106,16016,Michel Aebischer,0.0,4.0,2.0,0.0,0.0,1.0,0.0,0.0,0.0,0.0,0.0,,,,,,
43,106,3457,Michy Batshuayi Tunga,0.0,23.0,15.0,1.0,1.0,5.0,6.0,0.620673121,0.0,0.0,1.0,,,,,,
43,106,37209,Miki Yamane,0.0,33.0,25.0,1.0,1.0,3.0,0.0,0.0,0.0,1.0,0.0,,,,,,
43,106,24443,Mikkel Damsgaard,0.0,71.0,57.0,3.0,4.0,2.0,0.0,0.0,0.0,2.0,0.0,,,,,,
43,106,5720,Milad Mohammadi,0.0,68.0,46.0,0.0,7.0,3.0,0.0,0.0,0.0,3.0,0.0,,,,,,
43,106,15958,Milan Borjan,0.0,96.0,75.0,0.0,0.0,0.0,0.0,0.0,0.0,0.0,0.0,,,,,,
43,106,6321,Milos Veljkovic,0.0,112.0,99.0,0.0,4.0,1.0,0.0,0.0,0.0,0.0,0.0,,,,,,
43,106,15957,Miloš Degenek,0.0,97.0,69.0,0.0,6.0,2.0,0.0,0.0,0.0,0.0,0.0,,,,,,
43,106,43565,Min Jae Kim,0.0,187.0,165.0,0.0,2.0,0.0,2.0,0.105906885,0.0,4.0,0.0,,,,,,
43,106,16527,Mislav Oršić,0.0,55.0,42.0,3.0,2.0,4.0,10.0,1.0595709986,2.0,0.0,2.0,,,,,,
43,106,33492,Mitchell Thomas Duke,0.0,68.0,36.0,1.0,0.0,7.0,7.0,0.254732119,0.0,2.0,1.0,,,,,,
43,106,102816,Mohamed Ali Ben Romdhane,0.0,19.0,14.0,0.0,3.0,1.0,0.0,0.0,0.0,0.0,0.0,,,,,,
43,106,9236,Mohamed Dräger,0.0,51.0,35.0,1.0,3.0,3.0,4.0,0.30358475900000004,0.0,3.0,0.0,,,,,,
43,106,30519,Mohamed Salisu,0.0,149.0,106.0,0.0,5.0,6.0,2.0,0.42841392,0.0,3.0,1.0,,,,,,
43,106,124175,Mohammad Hossein Kanani Zadegan,0.0,11.0,8.0,0.0,0.0,0.0,0.0,0.0,0.0,2.0,0.0,,,,,,
43,106,5191,Mohammed Al Burayk,0.0,48.0,39.0,1.0,1.0,0.0,2.0,0.36966906099999997,0.0,1.0,0.0,,,,,,
43,106,5713,Mohammed Kanoo,0.0,145.0,118.0,0.0,6.0,8.0,6.0,0.319447288,0.0,2.0,0.0,,,,,,
43,106,5714,Mohammed Khalil Al Owais,0.0,98.0,53.0,0.0,0.0,0.0,0.0,0.0,0.0,0.0,0.0,,,,,,
43,106,17033,Mohammed Kudus,0.0,82.0,61.0,0.0,6.0,3.0,8.0,0.658570808,0.0,1.0,2.0,,,,,,
43,106,124901,Mohammed Muntari,0.0,19.0,17.0,1.0,2.0,2.0,3.0,0.184977709,0.0,0.0,1.0,,,,,,
43,106,124909,Mohammed Waed Abdulwahhab Al Bayati,0.0,12.0,9.0,0.0,2.0,1.0,0.0,0.0,0.0,1.0,0.0,,,,,,
43,106,37726,Moisés Isaac Caicedo Corozo,0.0,154.0,128.0,0.0,8.0,4.0,3.0,0.653325549,0.0,2.0,1.0,,,,,,
43,106,32450,Montassar Omar Talbi,0.0,133.0,115.0,0.0,2.0,3.0,1.0,0.012159805,0.0,3.0,0.0,,,,,,
43,106,40672,Moon-Hwan Kim,0.0,242.0,205.0,2.0,8.0,1.0,0.0,0.0,0.0,9.0,0.0,,,,,,
43,106,5220,Morteza Pouraliganji,0.0,128.0,93.0,2.0,2.0,6.0,2.0,0.26883789,0.0,8.0,0.0,,,,,,
43,106,124512,Mosaab Khoder Jibril,0.0,3.0,3.0,0.0,1.0,0.0,0.0,0.0,0.0,0.0,0.0,,,,,,
43,106,5233,Munir Mohand Mohamedi,0.0,27.0,18.0,0.0,0.0,0.0,0.0,0.0,0.0,0.0,0.0,,,,,,
43,106,25582,Nader Ghandri,0.0,30.0,27.0,0.0,1.0,0.0,0.0,0.0,0.0,1.0,0.0,,,,,,
43,106,29201,Nahuel Molina Lucero,0.0,360.0,296.0,2.0,13.0,2.0,2.0,0.485319467,1.0,9.0,1.0,,,,,,
43,106,4506,Nampalys Mendy,0.0,162.0,145.0,1.0,4.0,5.0,2.0,0.09337050799999999,0.0,1.0,0.0,,,,,,
43,106,74623,Nasser Al Dawsari,0.0,10.0,10.0,1.0,2.0,1.0,0.0,0.0,0.0,0.0,0.0,,,,,,
43,106,3306,Nathan Aké,0.0,352.0,319.0,0.0,6.0,5.0,0.0,0.0,0.0,10.0,0.0,,,,,,
43,106,33572,Nathaniel Atkinson,0.0,37.0,30.0,0.0,4.0,0.0,0.0,0.0,0.0,1.0,0.0,,,,,,
43,106,54144,Nawaf Shaker Al Abid,0.0,38.0,34.0,1.0,0.0,2.0,2.0,0.106110047,0.0,1.0,0.0,,,,,,
43,106,12149,Nayef Aguerd,0.0,154.0,133.0,1.0,6.0,2.0,1.0,0.25141555,0.0,4.0,0.0,,,,,,
43,106,3557,Naïm Sliti,0.0,50.0,29.0,2.0,2.0,0.0,1.0,0.1403044,0.0,1.0,0.0,,,,,,
43,106,34794,Neco Williams,0.0,97.0,71.0,0.0,5.0,4.0,3.0,0.07557114100000001,0.0,4.0,0.0,,,,,,
43,106,16489,Nemanja Gudelj,0.0,55.0,46.0,0.0,2.0,3.0,0.0,0.0,0.0,1.0,0.0,,,,,,
43,106,6901,Nemanja Maksimović,0.0,57.0,51.0,2.0,4.0,0.0,0.0,0.0,0.0,2.0,0.0,,,,,,
43,106,5833,Nemanja Radonjić,0.0,23.0,16.0,2.0,0.0,0.0,2.0,0.051502228,0.0,0.0,0.0,,,,,,
43,106,4320,Neymar da Silva Santos Junior,0.0,156.0,123.0,4.0,0.0,4.0,12.0,2.1292579170000003,0.0,0.0,2.0,,,,,,
43,106,16346,Ngoran Suiru Fai Collins,0.0,152.0,103.0,2.0,6.0,6.0,1.0,0.009452554,0.0,7.0,0.0,,,,,,
43,106,68574,Nicholas Williams Arthuer,0.0,62.0,52.0,0.0,3.0,0.0,0.0,0.0,0.0,1.0,0.0,,,,,,
43,106,8546,Niclas Füllkrug,0.0,25.0,16.0,1.0,0.0,0.0,8.0,1.6886750849999999,1.0,0.0,2.0,,,,,,
43,106,8814,Nico Elvedi,0.0,141.0,132.0,0.0,2.0,3.0,1.0,0.19001445,0.0,3.0,0.0,,,,,,
43,106,24118,Nico Schlotterbeck,0.0,123.0,112.0,2.0,4.0,3.0,0.0,0.0,0.0,2.0,0.0,,,,,,
43,106,50502,Nicola Zalewski,0.0,18.0,16.0,0.0,4.0,1.0,0.0,0.0,0.0,0.0,0.0,,,,,,
43,106,7472,Nicolas Alexis Julio N'Koulou Ndoubena,0.0,93.0,79.0,0.0,0.0,2.0,3.0,0.382484566,0.0,3.0,0.0,,,,,,
43,106,50497,Nicolas Jackson,0.0,10.0,9.0,0.0,0.0,1.0,0.0,0.0,0.0,0.0,0.0,,,,,,
43,106,16015,Nicolas Moumi Ngamaleu,0.0,24.0,21.0,1.0,2.0,3.0,0.0,0.0,0.0,1.0,0.0,,,,,,
43,106,5507,Nicolás Alejandro Tagliafico,0.0,182.0,153.0,2.0,11.0,7.0,3.0,0.9122210500000001,0.0,4.0,0.0,,,,,,
43,106,3090,Nicolás Hernán Otamendi,0.0,565.0,528.0,1.0,9.0,13.0,1.0,0.048093256,1.0,10.0,0.0,,,,,,
43,106,6322,Niklas Süle,0.0,252.0,233.0,0.0,5.0,0.0,1.0,0.07610536,0.0,1.0,0.0,,,,,,
43,106,5603,Nikola Milenković,0.0,157.0,136.0,0.0,10.0,9.0,3.0,0.123164077,0.0,6.0,0.0,,,,,,
43,106,3441,Nikola Vlašić,0.0,55.0,43.0,0.0,3.0,6.0,7.0,2.1955534329999997,0.0,0.0,2.0,,,,,,
43,106,21547,Noa Lang,0.0,3.0,0.0,0.0,0.0,0.0,0.0,0.0,0.0,1.0,0.0,,,,,,
43,106,29006,Noah Okafor,0.0,21.0,17.0,1.0,0.0,2.0,1.0,0.032096077,0.0,0.0,0.0,,,,,,
43,106,13454,Nouhou Tolo,0.0,106.0,81.0,0.0,8.0,3.0,0.0,0.0,0.0,9.0,0.0,,,,,,
43,106,15890,Noussair Mazraoui,0.0,121.0,103.0,1.0,15.0,3.0,4.0,0.15134246899999998,0.0,1.0,0.0,,,,,,
43,106,41092,Nuno Mendes,0.0,34.0,30.0,1.0,0.0,0.0,0.0,0.0,0.0,1.0,0.0,,,,,,
43,106,11388,Néstor Alejandro Araújo Razo,0.0,56.0,47.0,0.0,2.0,2.0,0.0,0.0,0.0,2.0,0.0,,,,,,
43,106,3604,Olivier Giroud,0.0,75.0,49.0,2.0,2.0,4.0,17.0,3.0359552720000003,0.0,1.0,4.0,,,,,,
43,106,26280,Orbelín Pineda Alvarado,0.0,26.0,20.0,1.0,3.0,2.0,4.0,0.505017774,0.0,1.0,0.0,,,,,,
43,106,44225,Osman Bukari,0.0,21.0,17.0,1.0,0.0,1.0,3.0,0.2462625047,0.0,1.0,1.0,,,,,,
43,106,11184,Otávio Edmilson da Silva Monteiro,0.0,131.0,101.0,4.0,7.0,6.0,3.0,0.1035403,0.0,0.0,0.0,,,,,,
43,106,5477,Ousmane Dembélé,0.0,191.0,149.0,10.0,9.0,8.0,8.0,0.362467341,2.0,3.0,0.0,,,,,,
43,106,133353,Pablo Martín Páez Gavira,0.0,153.0,135.0,2.0,9.0,9.0,1.0,0.056229107,0.0,0.0,1.0,,,,,,
43,106,6720,Pablo Sarabia García,0.0,5.0,2.0,2.0,0.0,0.0,2.0,0.88757615,0.0,0.0,0.0,,,,,,
43,106,15970,Pape Abou Cissé,0.0,38.0,30.0,0.0,0.0,1.0,0.0,0.0,0.0,1.0,0.0,,,,,,
43,106,21026,Pape Gueye,0.0,61.0,46.0,2.0,5.0,3.0,4.0,0.094318055,0.0,1.0,0.0,,,,,,
43,106,50498,Pape Matar Sarr,0.0,47.0,40.0,1.0,3.0,0.0,4.0,0.08593205500000001,0.0,1.0,0.0,,,,,,
43,106,31751,Pathé Ismaël Ciss,0.0,60.0,51.0,0.0,4.0,4.0,1.0,0.03057826,0.0,1.0,0.0,,,,,,
43,106,6892,Pau Francisco Torres,0.0,190.0,171.0,0.0,0.0,1.0,0.0,0.0,0.0,2.0,0.0,,,,,,
43,106,5743,Paulo Bruno Exequiel Dybala,0.0,13.0,9.0,1.0,3.0,1.0,1.0,0.7835,0.0,0.0,1.0,,,,,,
43,106,30486,Pedro González López,0.0,426.0,395.0,5.0,5.0,2.0,0.0,0.0,0.0,6.0,0.0,,,,,,
43,106,25305,Pedro Guilherme Abreu dos Santos,0.0,15.0,12.0,0.0,2.0,2.0,5.0,1.215663274,0.0,1.0,1.0,,,,,,
43,106,124506,Pedro Miguel Correia,0.0,115.0,83.0,0.0,8.0,4.0,2.0,0.037067295,0.0,6.0,0.0,,,,,,
43,106,24085,Pervis Josué Estupiñán Tenorio,0.0,187.0,146.0,4.0,7.0,7.0,2.0,0.27007267,0.0,5.0,0.0,,,,,,
43,106,4354,Philip Foden,0.0,118.0,93.0,5.0,1.0,3.0,6.0,1.251350594,1.0,2.0,1.0,,,,,,
43,106,38004,Piero Martín Hincapié Reyna,0.0,199.0,171.0,0.0,8.0,5.0,0.0,0.0,0.0,5.0,0.0,,,,,,
43,106,12623,Pierre Kunde Malong,0.0,51.0,39.0,1.0,4.0,4.0,5.0,0.187109743,0.0,3.0,0.0,,,,,,
43,106,3570,Pierre-Emile Højbjerg,0.0,224.0,200.0,1.0,8.0,0.0,2.0,0.023862642,0.0,2.0,0.0,,,,,,
43,106,5660,Piotr Zieliński,0.0,153.0,124.0,7.0,7.0,3.0,3.0,0.5838947800000001,0.0,2.0,1.0,,,,,,
43,106,7979,Przemysław Frankowski,0.0,73.0,51.0,1.0,7.0,2.0,1.0,0.043646414,0.0,3.0,0.0,,,,,,
43,106,18360,Rafael Alexandre Conceição Leão,0.0,45.0,32.0,1.0,0.0,3.0,5.0,0.248383942,0.0,1.0,2.0,,,,,,
43,106,3233,Raheem Sterling,0.0,58.0,47.0,0.0,2.0,0.0,1.0,0.1885282,0.0,1.0,1.0,,,,,,
43,106,5235,Ramin Rezaeian,0.0,105.0,71.0,3.0,9.0,4.0,2.0,0.230377999,0.0,5.0,1.0,,,,,,
43,106,22097,Randal Kolo Muani,0.0,36.0,25.0,0.0,9.0,5.0,5.0,2.050369225,0.0,1.0,2.0,,,,,,
43,106,10595,Raphael Dias Belloli,0.0,150.0,115.0,8.0,10.0,2.0,8.0,0.9229306610000001,0.0,2.0,0.0,,,,,,
43,106,5209,Raphaël Adelino José Guerreiro,0.0,191.0,163.0,4.0,2.0,2.0,3.0,0.399528818,2.0,2.0,1.0,,,,,,
43,106,5485,Raphaël Varane,0.0,280.0,251.0,0.0,1.0,1.0,3.0,0.26440085,0.0,6.0,0.0,,,,,,
43,106,16190,Rasmus Nissen Kristensen,0.0,178.0,139.0,1.0,9.0,3.0,0.0,0.0,0.0,3.0,0.0,,,,,,
43,106,5568,Raúl Alonso Jiménez Rodríguez,0.0,32.0,19.0,0.0,0.0,2.0,0.0,0.0,0.0,1.0,0.0,,,,,,
43,106,6983,Remo Freuler,0.0,149.0,126.0,0.0,7.0,7.0,3.0,0.54479492,0.0,6.0,1.0,,,,,,
43,106,12326,Renato Steffen,0.0,13.0,12.0,0.0,0.0,0.0,0.0,0.0,0.0,1.0,0.0,,,,,,
43,106,5544,Ricardo Iván Rodríguez Araya,0.0,227.0,172.0,2.0,5.0,6.0,0.0,0.0,0.0,1.0,0.0,,,,,,
43,106,10868,Ricardo Jorge Luz Horta,0.0,47.0,31.0,1.0,0.0,3.0,3.0,0.458795408,0.0,2.0,1.0,,,,,,
43,106,3280,Richarlison de Andrade,0.0,54.0,39.0,5.0,3.0,6.0,8.0,1.617659122,0.0,1.0,3.0,,,,,,
43,106,16120,Richie Laryea,0.0,45.0,35.0,4.0,4.0,2.0,2.0,0.056640564,0.0,0.0,0.0,,,,,,
43,106,33477,Riley McGree,0.0,73.0,57.0,3.0,2.0,10.0,3.0,0.08010532199999999,1.0,6.0,0.0,,,,,,
43,106,8361,Ritsu Doan,0.0,57.0,37.0,2.0,6.0,4.0,4.0,0.577215802,0.0,5.0,2.0,,,,,,
43,106,51470,Riyadh Sharahili,0.0,19.0,17.0,1.0,0.0,5.0,0.0,0.0,0.0,2.0,0.0,,,,,,
43,106,135271,Roan Roberto Wilson Gordon,0.0,6.0,6.0,0.0,1.0,0.0,0.0,0.0,0.0,0.0,0.0,,,,,,
43,106,5668,Robert Lewandowski,0.0,91.0,65.0,4.0,4.0,6.0,12.0,3.1259178019999996,1.0,3.0,2.0,,,,,,
43,106,16294,Robert Skov,0.0,21.0,16.0,0.0,0.0,1.0,0.0,0.0,0.0,1.0,0.0,,,,,,
43,106,26375,Roberto Carlos Alvarado Hernández,0.0,11.0,5.0,0.0,0.0,1.0,0.0,0.0,0.0,0.0,0.0,,,,,,
43,106,5260,Rodrigo Bentancur Colmán,0.0,158.0,134.0,2.0,7.0,5.0,3.0,0.620971297,0.0,9.0,0.0,,,,,,
43,106,6765,Rodrigo Hernández Cascante,0.0,679.0,644.0,4.0,4.0,6.0,1.0,0.0056476467,0.0,4.0,0.0,,,,,,
43,106,7797,Rodrigo Javier De Paul,0.0,563.0,475.0,7.0,11.0,10.0,7.0,0.570042511,0.0,10.0,0.0,,,,,,
43,106,25104,Rodrygo Silva de Goes,0.0,112.0,89.0,4.0,3.0,3.0,7.0,1.245341896,1.0,3.0,0.0,,,,,,
43,106,26318,Rogelio Gabriel Funes Mori,0.0,0.0,0.0,0.0,1.0,2.0,1.0,0.06664524,0.0,0.0,0.0,,,,,,
43,106,5219,Romain Saïss,0.0,193.0,158.0,0.0,10.0,5.0,1.0,0.56495196,0.0,6.0,1.0,,,,,,
43,106,12803,Romario Andrés Ibarra Mina,0.0,16.0,11.0,0.0,0.0,0.0,2.0,0.136638454,0.0,0.0,0.0,,,,,,
43,106,3289,Romelu Lukaku Menama,0.0,9.0,7.0,1.0,0.0,1.0,5.0,1.68415473,0.0,0.0,0.0,,,,,,
43,106,15477,Ronald Alberto Matarrita Ulate,0.0,29.0,20.0,0.0,2.0,1.0,0.0,0.0,0.0,0.0,0.0,,,,,,
43,106,5222,Roozbeh Cheshmi,0.0,14.0,7.0,0.0,0.0,2.0,1.0,0.03268815,0.0,1.0,1.0,,,,,,
43,106,30401,Ruben Vargas,0.0,114.0,81.0,5.0,1.0,5.0,3.0,0.29582627899999997,1.0,1.0,0.0,,,,,,
43,106,82257,Rubin Colwill,0.0,4.0,2.0,0.0,0.0,0.0,1.0,0.025066664,0.0,0.0,0.0,,,,,,
43,106,9927,Rúben Diogo Da Silva Neves,0.0,259.0,238.0,3.0,1.0,5.0,2.0,0.087037176,0.0,2.0,0.0,,,,,,
43,106,5206,Rúben Santos Gato Alves Dias,0.0,266.0,246.0,0.0,6.0,4.0,1.0,0.03750256,0.0,3.0,0.0,,,,,,
43,106,124496,Saad Abdullah Al Sheeb,0.0,21.0,17.0,0.0,0.0,1.0,0.0,0.0,0.0,0.0,0.0,,,,,,
43,106,23538,Sadegh Moharrami,0.0,26.0,19.0,0.0,2.0,3.0,0.0,0.0,0.0,3.0,0.0,,,,,,
43,106,5722,Saeid Ezatolahi Afagh,0.0,92.0,71.0,2.0,4.0,2.0,3.0,0.0612828607,0.0,1.0,0.0,,,,,,
43,106,51469,Saleh Khalid Al Shehri,0.0,46.0,32.0,1.0,3.0,7.0,3.0,0.147030338,0.0,1.0,1.0,,,,,,
43,106,5187,Salem Mohammed Al Dawsari,0.0,117.0,92.0,6.0,7.0,3.0,7.0,1.5640553449999999,0.0,0.0,2.0,,,,,,
43,106,31029,Salis Abdul Samed,0.0,142.0,130.0,1.0,3.0,5.0,1.0,0.026676558,0.0,7.0,0.0,,,,,,
43,106,5178,Salman Mohammed Al Faraj,0.0,15.0,10.0,0.0,1.0,0.0,0.0,0.0,0.0,0.0,0.0,,,,,,
43,106,29758,Sam Adekugbe,0.0,72.0,62.0,1.0,0.0,1.0,0.0,0.0,0.0,0.0,0.0,,,,,,
43,106,5240,Saman Ghoddos,0.0,21.0,15.0,1.0,1.0,2.0,1.0,0.39133456,0.0,0.0,0.0,,,,,,
43,106,51632,Sami Khalil Al Naji,0.0,21.0,15.0,1.0,0.0,0.0,0.0,0.0,0.0,0.0,0.0,,,,,,
43,106,8591,Samuel Yves Oum Gwet,0.0,57.0,52.0,0.0,1.0,0.0,0.0,0.0,0.0,0.0,0.0,,,,,,
43,106,41711,Sang-Ho Na,0.0,38.0,25.0,3.0,2.0,2.0,1.0,0.05996953,0.0,0.0,0.0,,,,,,
43,106,5224,Sardar Azmoun,0.0,32.0,18.0,1.0,0.0,2.0,5.0,0.960581323,0.0,0.0,0.0,,,,,,
43,106,51710,Saud Abdullah Abdul Hamid,0.0,119.0,91.0,2.0,5.0,7.0,1.0,0.005913877,0.0,4.0,0.0,,,,,,
43,106,6687,Saša Lukić,0.0,162.0,143.0,0.0,6.0,10.0,1.0,0.039666813,0.0,2.0,0.0,,,,,,
43,106,4664,Sebastian Szymański,0.0,40.0,27.0,0.0,3.0,1.0,0.0,0.0,0.0,1.0,0.0,,,,,,
43,106,6300,Sebastián Coates Nión,0.0,97.0,78.0,0.0,2.0,2.0,1.0,0.103292696,0.0,0.0,0.0,,,,,,
43,106,23774,Selim Amallah,0.0,88.0,70.0,3.0,13.0,16.0,2.0,0.11463773599999999,0.0,11.0,0.0,,,,,,
43,106,8400,Serge Gnabry,0.0,113.0,85.0,5.0,6.0,2.0,12.0,0.7280189539999999,1.0,5.0,1.0,,,,,,
43,106,5589,Sergej Milinković-Savić,0.0,120.0,90.0,0.0,4.0,2.0,3.0,0.200274783,0.0,3.0,1.0,,,,,,
43,106,21881,Sergino Dest,0.0,201.0,174.0,2.0,5.0,4.0,6.0,0.2518676686,1.0,3.0,0.0,,,,,,
43,106,5203,Sergio Busquets i Burgos,0.0,290.0,265.0,3.0,7.0,3.0,3.0,0.88711582,0.0,4.0,0.0,,,,,,
43,106,36710,Sergio Rochet Álvarez,0.0,76.0,53.0,0.0,0.0,1.0,0.0,0.0,0.0,0.0,0.0,,,,,,
43,106,37641,Seung-Gyu Kim,0.0,128.0,94.0,0.0,0.0,0.0,0.0,0.0,0.0,0.0,0.0,,,,,,
43,106,23264,Seung-Ho Paik,0.0,24.0,19.0,0.0,2.0,1.0,1.0,0.023081098,0.0,1.0,1.0,,,,,,
43,106,125823,Seyed Hossein Hosseini,0.0,48.0,22.0,0.0,0.0,0.0,0.0,0.0,0.0,0.0,0.0,,,,,,
43,106,5228,Seyed Majid Hosseini,0.0,110.0,89.0,0.0,7.0,5.0,0.0,0.0,0.0,4.0,0.0,,,,,,
43,106,6806,Shaquell Moore,0.0,21.0,14.0,0.0,2.0,3.0,0.0,0.0,0.0,0.0,0.0,,,,,,
43,106,37215,Shogo Taniguchi,0.0,86.0,76.0,0.0,1.0,3.0,2.0,0.17448755,0.0,1.0,0.0,,,,,,
43,106,25719,Shūichi Gonda,0.0,113.0,69.0,0.0,0.0,1.0,0.0,0.0,0.0,0.0,0.0,,,,,,
43,106,7796,Silvan Widmer,0.0,164.0,127.0,1.0,12.0,4.0,1.0,0.05117428,1.0,4.0,0.0,,,,,,
43,106,5534,Simon Thorup Kjær,0.0,55.0,50.0,0.0,0.0,0.0,0.0,0.0,0.0,2.0,0.0,,,,,,
43,106,3625,Sofiane Boufal,0.0,134.0,107.0,4.0,11.0,12.0,7.0,0.31647403,0.0,2.0,0.0,,,,,,
43,106,5234,Sofyan Amrabat,0.0,323.0,274.0,2.0,16.0,16.0,1.0,0.020691318,0.0,9.0,0.0,,,,,,
43,106,50528,Sorba Thomas,0.0,4.0,3.0,0.0,1.0,0.0,0.0,0.0,0.0,0.0,0.0,,,,,,
43,106,18737,Srđan Babić,0.0,15.0,11.0,0.0,1.0,0.0,0.0,0.0,0.0,0.0,0.0,,,,,,
43,106,10477,Stefan Mitrović,0.0,19.0,17.0,0.0,0.0,0.0,0.0,0.0,0.0,0.0,0.0,,,,,,
43,106,11187,Stephen Antunes Eustáquio,0.0,93.0,85.0,2.0,2.0,1.0,3.0,0.164512644,0.0,3.0,0.0,,,,,,
43,106,3543,Steve Mandanda,0.0,31.0,18.0,0.0,0.0,0.0,0.0,0.0,0.0,0.0,0.0,,,,,,
43,106,7745,Steven Berghuis,0.0,128.0,98.0,2.0,2.0,4.0,6.0,0.975530951,1.0,0.0,0.0,,,,,,
43,106,8259,Steven Bergwijn,0.0,71.0,65.0,0.0,2.0,2.0,2.0,0.33993796000000004,0.0,0.0,0.0,,,,,,
43,106,11846,Steven de Sousa Vitoria,0.0,183.0,160.0,0.0,2.0,7.0,0.0,0.0,0.0,4.0,0.0,,,,,,
43,106,27719,Strahinja Pavlović,0.0,152.0,121.0,0.0,6.0,6.0,2.0,0.177865885,0.0,2.0,1.0,,,,,,
43,106,57620,Sultan Abdullah Salim Al Ghannam,0.0,55.0,36.0,1.0,0.0,2.0,2.0,0.244814519,0.0,3.0,0.0,,,,,,
43,106,128793,Taha Yassine Khenissi,0.0,3.0,2.0,1.0,0.0,3.0,1.0,0.012915949,0.0,0.0,0.0,,,,,,
43,106,24024,Tajon Buchanan,0.0,88.0,61.0,3.0,2.0,6.0,5.0,0.714270153,1.0,3.0,0.0,,,,,,
43,106,31090,Takefusa Kubo,0.0,13.0,7.0,0.0,2.0,2.0,0.0,0.0,0.0,0.0,0.0,,,,,,
43,106,23730,Takehiro Tomiyasu,0.0,98.0,73.0,3.0,1.0,1.0,0.0,0.0,0.0,4.0,0.0,,,,,,
43,106,8949,Takuma Asano,0.0,29.0,22.0,1.0,0.0,4.0,9.0,1.279548737,0.0,2.0,2.0,,,,,,
43,106,8776,Takumi Minamino,0.0,24.0,14.0,0.0,2.0,1.0,3.0,0.833961311,0.0,0.0,0.0,,,,,,
43,106,124504,Tarek Salman Salman,0.0,11.0,7.0,0.0,1.0,0.0,0.0,0.0,0.0,1.0,0.0,,,,,,
43,106,33602,Tariq Lamptey,0.0,33.0,21.0,0.0,4.0,3.0,1.0,0.07450179,0.0,2.0,0.0,,,,,,
43,106,7891,Teun Koopmeiners,0.0,120.0,95.0,1.0,3.0,6.0,3.0,0.87343067,1.0,4.0,1.0,,,,,,
43,106,6704,Theo Bernard François Hernández,0.0,332.0,290.0,10.0,19.0,6.0,5.0,0.259309684,2.0,7.0,1.0,,,,,,
43,106,3295,Thiago Emiliano da Silva,0.0,335.0,320.0,3.0,6.0,2.0,2.0,0.20821556,1.0,8.0,0.0,,,,,,
43,106,28637,Thiago Ezequiel Almada,0.0,13.0,12.0,1.0,0.0,0.0,0.0,0.0,0.0,0.0,0.0,,,,,,
43,106,3509,Thibaut Courtois,0.0,122.0,109.0,0.0,0.0,0.0,0.0,0.0,0.0,0.0,0.0,,,,,,
43,106,8511,Thilo Kehrer,0.0,28.0,21.0,0.0,5.0,4.0,0.0,0.0,0.0,2.0,0.0,,,,,,
43,106,5527,Thomas Delaney,0.0,31.0,26.0,0.0,2.0,1.0,0.0,0.0,0.0,0.0,0.0,,,,,,
43,106,3176,Thomas Meunier,0.0,142.0,109.0,2.0,7.0,4.0,3.0,0.119195924,0.0,6.0,0.0,,,,,,
43,106,5562,Thomas Müller,0.0,72.0,54.0,6.0,2.0,0.0,3.0,0.270048914,0.0,1.0,0.0,,,,,,
43,106,6383,Thomas Teye Partey,0.0,181.0,153.0,2.0,12.0,3.0,2.0,0.23574545500000002,0.0,3.0,0.0,,,,,,
43,106,5632,Thorgan Hazard,0.0,59.0,41.0,5.0,4.0,2.0,0.0,0.0,0.0,0.0,0.0,,,,,,
43,106,18242,Tim Ream,0.0,270.0,241.0,0.0,4.0,1.0,1.0,0.2582279,0.0,10.0,0.0,,,,,,
43,106,6989,Timothy Castagne,0.0,201.0,176.0,0.0,6.0,3.0,0.0,0.0,0.0,1.0,0.0,,,,,,
43,106,3377,Timothy Weah,0.0,109.0,91.0,6.0,1.0,1.0,5.0,0.440147946,0.0,0.0,1.0,,,,,,
43,106,20005,Toby Alderweireld,0.0,267.0,244.0,0.0,1.0,0.0,0.0,0.0,1.0,2.0,0.0,,,,,,
43,106,3664,Trent Alexander-Arnold,0.0,23.0,21.0,0.0,0.0,1.0,0.0,0.0,0.0,1.0,0.0,,,,,,
43,106,12751,Tyler Adams,0.0,269.0,246.0,2.0,12.0,7.0,1.0,0.019808901,0.0,6.0,0.0,,,,,,
43,106,29966,Ui-Jo Hwang,0.0,11.0,8.0,0.0,0.0,0.0,1.0,0.323128,0.0,0.0,0.0,,,,,,
43,106,11748,Unai Simón Mendibil,0.0,158.0,148.0,0.0,0.0,0.0,0.0,0.0,0.0,0.0,0.0,,,,,,
43,106,20600,Vanja Milinković Savić,0.0,127.0,92.0,0.0,0.0,0.0,0.0,0.0,0.0,0.0,0.0,,,,,,
43,106,17043,Victor Nelsson,0.0,72.0,68.0,0.0,0.0,0.0,0.0,0.0,0.0,1.0,0.0,,,,,,
43,106,3264,Vincent Janssen,0.0,20.0,16.0,1.0,2.0,2.0,2.0,0.15551722,0.0,0.0,0.0,,,,,,
43,106,11174,Vincent Paté Aboubakar,0.0,31.0,20.0,1.0,0.0,3.0,6.0,0.5289856239999999,1.0,0.0,2.0,,,,,,
43,106,18395,Vinícius José Paixão de Oliveira Júnior,0.0,91.0,70.0,6.0,5.0,0.0,9.0,0.811526553,2.0,1.0,1.0,,,,,,
43,106,3669,Virgil van Dijk,0.0,343.0,305.0,2.0,3.0,5.0,4.0,0.977948796,0.0,5.0,0.0,,,,,,
43,106,34639,Vitor Machado Ferreira,0.0,109.0,102.0,1.0,3.0,1.0,2.0,0.053871288999999996,0.0,0.0,0.0,,,,,,
43,106,3196,Wahbi Khazri,0.0,20.0,12.0,0.0,3.0,1.0,5.0,0.297766004,0.0,0.0,1.0,,,,,,
43,106,105944,Wajdi Kechrida,0.0,66.0,43.0,1.0,4.0,2.0,0.0,0.0,0.0,1.0,0.0,,,,,,
43,106,296254,Walid Cheddira,0.0,8.0,5.0,1.0,1.0,6.0,2.0,0.249388745,0.0,0.0,0.0,,,,,,
43,106,12524,Walker Zimmerman,0.0,233.0,212.0,0.0,1.0,3.0,1.0,0.05674074,0.0,5.0,0.0,,,,,,
43,106,23721,Wataru Endo,0.0,187.0,153.0,4.0,5.0,7.0,6.0,0.181400907,0.0,4.0,0.0,,,,,,
43,106,3488,Wayne Hennessey,0.0,66.0,52.0,0.0,0.0,1.0,0.0,0.0,0.0,0.0,0.0,,,,,,
43,106,8526,Weston McKennie,0.0,146.0,117.0,3.0,2.0,7.0,5.0,0.37566195,0.0,1.0,0.0,,,,,,
43,106,25101,Weverton Pereira da Silva,0.0,5.0,4.0,0.0,0.0,0.0,0.0,0.0,0.0,0.0,0.0,,,,,,
43,106,17592,William Saliba,0.0,37.0,37.0,1.0,0.0,0.0,0.0,0.0,0.0,0.0,0.0,,,,,,
43,106,5214,William Silva de Carvalho,0.0,165.0,153.0,0.0,5.0,4.0,1.0,0.048683427,0.0,2.0,0.0,,,,,,
43,106,5669,Wojciech Szczęsny,0.0,146.0,88.0,0.0,0.0,1.0,0.0,0.0,0.0,0.0,0.0,,,,,,
43,106,22067,Woo-Yeong Jeong,0.0,16.0,13.0,0.0,0.0,1.0,1.0,0.03008143,0.0,0.0,0.0,,,,,,
43,106,5618,Woo-Young Jung,0.0,208.0,179.0,2.0,6.0,12.0,1.0,0.010946972,0.0,6.0,0.0,,,,,,
43,106,7829,Wout Weghorst,0.0,16.0,9.0,1.0,1.0,5.0,3.0,1.050509997,0.0,0.0,3.0,,,,,,
43,106,39167,Xavi Simons,0.0,10.0,6.0,0.0,1.0,0.0,0.0,0.0,0.0,0.0,0.0,,,,,,
43,106,3533,Xherdan Shaqiri,0.0,104.0,68.0,3.0,1.0,2.0,4.0,0.494927794,1.0,1.0,1.0,,,,,,
43,106,31295,Yahia Attiyat allah,0.0,138.0,97.0,3.0,4.0,9.0,2.0,0.331586645,1.0,1.0,0.0,,,,,,
43,106,102668,Yahya Jabrane,0.0,4.0,2.0,0.0,0.0,0.0,0.0,0.0,0.0,0.0,0.0,,,,,,
43,106,5550,Yann Sommer,0.0,117.0,107.0,0.0,0.0,0.0,0.0,0.0,0.0,0.0,0.0,,,,,,
43,106,5633,Yannick Ferreira Carrasco,0.0,46.0,39.0,0.0,5.0,1.0,4.0,0.202310031,0.0,1.0,0.0,,,,,,
43,106,5183,Yasir Gharsan Al Shahrani,0.0,26.0,12.0,0.0,4.0,1.0,0.0,0.0,0.0,8.0,0.0,,,,,,
43,106,6785,Yassine Bounou,0.0,210.0,156.0,0.0,0.0,0.0,0.0,0.0,0.0,0.0,0.0,,,,,,
43,106,5651,Yassine Meriah,0.0,168.0,138.0,1.0,9.0,3.0,1.0,0.046073906,0.0,1.0,0.0,,,,,,
43,106,5839,Yeltsin Ignacio Tejeda Valverde,0.0,98.0,79.0,0.0,5.0,1.0,2.0,0.522077037,1.0,4.0,1.0,,,,,,
43,106,5604,Young-Gwon Kim,0.0,210.0,180.0,2.0,4.0,1.0,2.0,0.689242366,0.0,5.0,1.0,,,,,,
43,106,2954,Youri Tielemans,0.0,61.0,51.0,1.0,4.0,2.0,0.0,0.0,0.0,3.0,0.0,,,,,,
43,106,6301,Youssef En-Nesyri,0.0,76.0,48.0,1.0,2.0,3.0,11.0,1.045874203,0.0,0.0,2.0,,,,,,
43,106,23910,Youssef Msakni,0.0,70.0,50.0,4.0,1.0,0.0,9.0,0.6425204710000001,0.0,1.0,0.0,,,,,,
43,106,11990,Youssouf Fofana,0.0,112.0,95.0,1.0,8.0,4.0,4.0,0.16560118299999999,0.0,3.0,0.0,,,,,,
43,106,3404,Youssouf Sabaly,0.0,222.0,192.0,8.0,4.0,3.0,2.0,0.0178921875,0.0,4.0,0.0,,,,,,
43,106,38837,Youssoufa Moukoko,0.0,2.0,2.0,0.0,0.0,0.0,0.0,0.0,0.0,0.0,0.0,,,,,,
43,106,132756,Youstin Delfin Salas Gómez,0.0,18.0,15.0,0.0,6.0,0.0,0.0,0.0,0.0,1.0,0.0,,,,,,
43,106,99479,Yu-Min Cho,0.0,0.0,0.0,0.0,0.0,0.0,0.0,0.0,0.0,0.0,0.0,,,,,,
43,106,37122,Yuki Soma,0.0,20.0,13.0,0.0,0.0,2.0,3.0,0.13489698,0.0,0.0,0.0,,,,,,
43,106,38792,Yunus Dimoara Musah,0.0,182.0,154.0,3.0,7.0,10.0,4.0,0.197483729,0.0,4.0,0.0,,,,,,
43,106,5690,Yuto Nagatomo,0.0,108.0,81.0,1.0,7.0,6.0,0.0,0.0,0.0,3.0,0.0,,,,,,
43,106,21736,Zakaria Aboukhlal,0.0,13.0,8.0,0.0,1.0,1.0,3.0,0.5970794660000001,0.0,1.0,1.0,,,,,,
43,106,3477,Álvaro Borja Morata Martín,0.0,40.0,27.0,0.0,1.0,1.0,8.0,1.109480678,1.0,0.0,3.0,,,,,,
43,106,184468,Álvaro José Zamora Mata,0.0,0.0,0.0,0.0,0.0,0.0,0.0,0.0,0.0,0.0,0.0,,,,,,
43,106,2995,Ángel Fabián Di María Hernández,0.0,164.0,126.0,10.0,2.0,0.0,7.0,0.53383544,1.0,2.0,1.0,,,,,,
43,106,6377,Ángel Martín Correa,0.0,4.0,4.0,0.0,1.0,0.0,0.0,0.0,0.0,0.0,0.0,,,,,,
43,106,13620,Éder Gabriel Militão,0.0,277.0,251.0,0.0,10.0,7.0,5.0,0.258765465,0.0,2.0,0.0,,,,,,
43,106,15872,Érick Gabriel Gutiérrez Galaviz,0.0,30.0,25.0,0.0,1.0,1.0,0.0,0.0,0.0,2.0,0.0,,,,,,
43,106,25154,Éverton Augusto de Barros Ribeiro,0.0,17.0,15.0,2.0,0.0,0.0,0.0,0.0,0.0,0.0,0.0,,,,,,
43,106,5598,Óscar Esau Duarte Gaitán,0.0,97.0,68.0,1.0,5.0,4.0,0.0,0.0,0.0,4.0,0.0,,,,,,
43,106,10287,İlkay Gündoğan,0.0,163.0,148.0,1.0,4.0,3.0,6.0,1.1289538890000002,0.0,1.0,1.0,,,,,,
